release_year,cleaned_lyrics
1973,Keep
1973,Yourself
1973,Alive
1973,Taking
1973,I
1973,told
1973,million
1973,times
1973,troubles
1973,Mind
1973,grow
1973,wiser
1973,","
1973,day
1973,But
1973,crossed
1973,rivers
1973,rode
1973,miles
1973,Then
1973,`
1973,started
1973,bread
1973,butter
1973,smile
1973,Well
1973,sold
1973,mirrors
1973,shop
1973,Alley
1973,Way
1973,window
1973,Now
1973,folks
1973,telling
1973,“
1973,Be
1973,superstar
1973,”
1973,satisfied
1973,stay
1973,alive
1973,Take
1973,time
1973,and-a
1973,money
1973,honey
1973,survive
1973,loved
1973,women
1973,belladonic
1973,haze
1973,And
1973,ate
1973,dinners
1973,brought
1973,silver
1973,trays
1973,Give
1973,feed
1973,body
1973,soul
1973,bigger
1973,goal
1973,How
1973,You
1973,Oh
1973,Do
1973,?
1973,No
1973,steps
1973,nearer
1973,grave
1973,All
1973,alive…17Embed
1973,Suicide
1973,Sally
1973,&
1973,Johnny
1973,Guitar
1973,She
1973,overdosed
1973,crashed
1973,car
1973,Amphetamine
1973,","
1973,shot
1973,hole
1973,head
1973,Ran
1973,veins
1973,ran
1973,friends
1973,Alright
1973,alright
1973,baby
1973,`
1973,Gearhead
1973,candy
1973,natural
1973,queen
1973,Bed
1973,motorcycle
1973,I
1973,wings
1973,giving
1973,priest
1973,The
1973,Fucker
1973,choked
1973,rosary
1973,beads
1973,Stone
1973,cold
1973,stubbled
1973,whore
1973,Her
1973,plastic
1973,soul
1973,hates
1973,body
1973,Striptease
1973,Pre-teased
1973,feeling
1973,diseased
1973,Hey
1973,rock
1973,roll
1973,doctor
1973,rocknroll
1973,nurse
1973,Gim
1973,gim
1973,pills
1973,knife
1973,gun
1973,crown
1973,made
1973,human
1973,skull
1973,You
1973,likeNa
1973,na-
1973,Na
1973,doctorEmbed
1973,Great
1973,King
1973,Rat
1973,died
1973,today
1973,Born
1973,twenty-first
1973,May
1973,Died
1973,","
1973,syphilis
1973,forty-four
1973,birthday
1973,Every
1973,word
1973,swore
1973,Yes
1973,whore
1973,Always
1973,wanted
1973,law
1973,Wouldn
1973,`
1973,?
1973,dirty
1973,And
1973,Now
1973,I
1973,Would
1973,hear
1973,Where
1973,tomorrow
1973,Will
1973,beg
1973,borrow
1973,Come
1973,time
1973,The
1973,evil
1973,told
1973,lie
1973,You
1973,Show
1973,!
1973,People
1973,Hit
1973,listen
1973,Put
1973,Don
1973,believe
1973,read
1973,Bible
1973,sinners
1973,line
1973,Saints
1973,leave
1973,Very
1973,disciple
1973,Mama
1973,Not
1973,Or
1973,find
1973,rival
1973,great
1973,Lord
1973,Knelt
1973,side
1973,``
1973,realize
1973,''
1973,No
1973,What
1973,Cause
1973,long
1973,ago
1973,This
1973,fight
1973,Just
1973,6Embed
1973,The
1973,Night
1973,Comes
1973,Down
1973,When
1973,I
1973,young
1973,And
1973,sun
1973,breaking
1973,Lucy
1973,high
1973,Dazzling
1973,","
1973,holding
1973,world
1973,inside
1973,Once
1973,believed
1973,Everyone
1973,Oh-oh
1973,night
1973,afraid
1973,losing
1973,Ooh
1973,`
1973,dark
1973,laugh
1973,black
1973,white
1973,distinctively
1973,Colouring
1973,Now
1973,grey
1973,Nobody
1973,You
1973,believe
1973,Oooh
1973,like7Embed
1973,Jesus
1973,And
1973,I
1973,Him
1973,crowd
1973,A
1973,lot
1973,gathered
1973,`
1973,round
1973,The
1973,beggars
1973,shouted
1973,","
1973,lepers
1973,called
1973,He
1973,stared
1973,All
1973,To
1973,Lord
1973,Then
1973,feet
1973,fell
1973,Unclean
1973,leper
1973,rang
1973,bell
1973,Felt
1973,palm
1973,hand
1973,touch
1973,head
1973,Go
1973,You
1973,instead
1973,It
1973,began
1973,wise
1973,Followed
1973,star
1973,Bethlehem
1973,made
1973,heard
1973,land
1973,Born
1973,leader
1973,down1Embed
1973,Keep
1973,Yourself
1973,Alive
1973,Taking
1973,I
1973,told
1973,million
1973,times
1973,troubles
1973,Mind
1973,grow
1973,wiser
1973,","
1973,day
1973,But
1973,crossed
1973,rivers
1973,rode
1973,miles
1973,Then
1973,`
1973,started
1973,bread
1973,butter
1973,smile
1973,Well
1973,sold
1973,mirrors
1973,shop
1973,Alley
1973,Way
1973,window
1973,Now
1973,folks
1973,telling
1973,“
1973,Be
1973,superstar
1973,”
1973,satisfied
1973,stay
1973,alive
1973,Take
1973,time
1973,and-a
1973,money
1973,honey
1973,survive
1973,loved
1973,women
1973,belladonic
1973,haze
1973,And
1973,ate
1973,dinners
1973,brought
1973,silver
1973,trays
1973,Give
1973,feed
1973,body
1973,soul
1973,bigger
1973,goal
1973,How
1973,You
1973,Oh
1973,Do
1973,?
1973,No
1973,steps
1973,nearer
1973,grave
1973,All
1973,alive…17Embed
1973,Jesus
1973,And
1973,I
1973,Him
1973,crowd
1973,A
1973,lot
1973,gathered
1973,`
1973,round
1973,The
1973,beggars
1973,shouted
1973,","
1973,lepers
1973,called
1973,He
1973,stared
1973,All
1973,To
1973,Lord
1973,Then
1973,feet
1973,fell
1973,Unclean
1973,leper
1973,rang
1973,bell
1973,Felt
1973,palm
1973,hand
1973,touch
1973,head
1973,Go
1973,You
1973,instead
1973,It
1973,began
1973,wise
1973,Followed
1973,star
1973,Bethlehem
1973,made
1973,heard
1973,land
1973,Born
1973,leader
1973,down1Embed
1974,The
1974,Loser
1974,End
1974,Mama
1974,`
1974,problem
1974,She
1974,Her
1974,baby
1974,boy
1974,Has
1974,left
1974,home
1974,today
1974,loser
1974,Misuse
1974,lose
1974,friend
1974,Ma
1974,depend
1974,Uuu-uuh
1974,washed
1974,fed
1974,And
1974,clothed
1974,cared
1974,For
1974,twenty
1974,years
1974,``
1974,goodbye
1974,''
1974,nighttime
1974,tears
1974,","
1974,uuuh
1974,We
1974,hear
1974,talking
1974,You
1974,So
1974,listen
1974,mothers
1974,To
1974,mother
1974,forgotten
1974,If
1974,fun
1974,Forget
1974,regrets
1974,remember
1974,It
1974,long
1974,young
1974,bound
1974,They
1974,choose
1974,shoes
1974,That
1974,bend
1974,2Embed
1974,Ogre
1974,Battle
1974,Ahh
1974,!
1974,Ah
1974,","
1974,ahh
1974,Now
1974,time
1974,An
1974,told
1974,fable
1974,When
1974,piper
1974,And
1974,soup
1974,cold
1974,table
1974,black
1974,crow
1974,flies
1974,To
1974,find
1974,destination
1974,That
1974,sign
1974,Come
1974,tonight
1974,ogre
1974,site
1974,battle
1974,fight
1974,He
1974,great
1974,big
1974,cry
1974,swallow
1974,ocean
1974,With
1974,mighty
1974,tongue
1974,catches
1974,The
1974,palm
1974,hand
1974,incredible
1974,size
1974,One
1974,eye
1974,Has
1974,focus
1974,direction
1974,Yeah
1974,You
1974,C
1974,`
1974,inside
1974,two-way
1974,mirror
1974,mountain
1974,Got
1974,sight
1974,``
1974,Ooh
1974,lookout
1974,''
1974,ogre-men
1974,coming
1974,From
1974,They
1974,running
1974,Can
1974,east
1974,south
1974,Ogre-men
1974,home
1974,Bugle
1974,blow
1974,trumpet
1974,lives
1974,Oh-ho-ho
1974,18Embed
1974,Nevermore
1974,There
1974,`
1974,living
1974,life
1974,anymore
1974,The
1974,dry
1974,And
1974,rain
1974,stopped
1974,falling
1974,Please
1974,cry
1974,Can
1974,?
1974,Listen
1974,breeze
1974,Whisper
1974,","
1974,Don
1974,send
1974,path
1974,Of
1974,nevermore
1974,Even
1974,valleys
1974,Where
1974,rays
1974,sun
1974,Were
1974,warm
1974,tender
1974,Now
1974,grow
1974,Why
1974,leave
1974,deceive
1974,Send
1974,When
1974,love
1974,Anymore
1974,You
1974,Nevermore10Embed
1974,The
1974,March
1974,Black
1974,Queen
1974,Do
1974,?
1974,Why
1974,`
1974,I
1974,follow
1974,And
1974,You
1974,","
1974,life
1974,Like
1974,heaven
1974,coming
1974,back
1974,alive
1974,Let
1974,Ooh
1974,give
1974,time
1974,choose
1974,Water
1974,babies
1974,singing
1974,lily-pool
1974,delight
1974,Blue
1974,powder
1974,monkeys
1974,praying
1974,dead
1974,night
1974,Here
1974,poking
1974,pile
1974,Fie-Fo
1974,marching
1974,single
1974,file
1974,Take
1974,bring
1974,size
1974,Put
1974,cellar
1974,With
1974,naughty
1974,boys
1974,A
1974,niggah
1974,sugar
1974,Then
1974,rub-a
1974,dub-a
1974,baby
1974,oil
1974,black
1974,Every
1974,finger
1974,nail
1974,toe
1974,begun
1974,Make
1974,make
1974,making
1974,noise
1974,belly-full
1974,sugar-baby
1974,honey-chile
1974,voice
1974,reminds
1974,Spread
1974,wings
1974,angel
1974,Remember
1974,deliver
1974,speed
1974,light
1974,Everything
1974,bears
1974,wherefore
1974,In
1974,soul
1974,Lies
1974,He
1974,deceive
1974,discover
1974,But
1974,love
1974,reign
1974,left
1974,hand
1974,rule
1974,lord
1974,darkness
1974,power
1974,Now
1974,march
1974,My
1974,hands
1974,fo
1974,boy
1974,Ah
1974,Walking
1974,style
1974,She
1974,vulgar
1974,buse
1974,vile
1974,Fie-fo
1974,tattoos
1974,pies
1974,boils
1974,bakes
1974,dots
1974,Forget
1974,singalongs
1974,lullabies
1974,Surrender
1974,city
1974,fireflies
1974,Dance
1974,devil
1974,beat
1974,band
1974,To
1974,hell
1974,hand-in-hand
1974,forever
1974,23Embed
1974,Funny
1974,How
1974,Love
1974,Is
1974,love
1974,Just
1974,You
1974,`
1974,bound
1974,song
1974,In
1974,key
1974,coming
1974,home
1974,time
1974,tea
1974,","
1974,funny
1974,lies
1974,When
1974,truth
1974,begins
1974,Tomorrow
1974,tomorrow
1974,brings
1974,shape
1974,things
1974,That
1974,break
1974,Your
1974,heart
1974,suddenly
1974,tumbling
1974,With
1974,Adam
1974,Eve
1974,running
1974,Wild
1974,feeling
1974,free
1974,From
1974,earth
1974,To
1974,heavens
1974,At
1974,If
1974,make
1974,Do
1974,Got
1974,hurry
1974,late
1974,is3Embed
1974,Seven
1974,Seas
1974,Rhye
1974,Fear
1974,Lords
1974,And
1974,lady
1974,preachers
1974,I
1974,descend
1974,earth
1974,From
1974,skies
1974,command
1974,souls
1974,You
1974,unbelievers
1974,Bring
1974,The
1974,Can
1974,hear
1974,peers
1974,privy
1974,counselors
1974,?
1974,stand
1974,naked
1974,eyes
1974,destroy
1974,Who
1974,dares
1974,abuse
1974,trust
1974,swear
1974,`
1974,Sister
1974,","
1974,live
1974,lie
1974,Mister
1974,possess
1974,belong
1974,forever
1974,Storm
1974,master-marathon
1974,’
1974,fly
1974,By
1974,flash
1974,thunder-fire
1974,survive
1974,Then
1974,defy
1974,laws
1974,nature
1974,alive
1974,Be
1974,shod
1974,shady
1974,senators
1974,Give
1974,Leave
1974,evil
1974,cries
1974,challenge
1974,mighty
1974,Titan
1974,troubadours
1974,smile
1974,Oh
1974,seaside
1974,!
1974,stroll
1974,Prom
1974,Where
1974,brass
1974,band
1974,plays
1974,:
1974,``
1974,tiddely-om-pom-pom
1974,''
1974,When
1974,meself
1974,glee
1974,Beside
1974,sea18Embed
1974,See
1974,What
1974,Fool
1974,I
1974,’
1974,Been
1974,Well
1974,","
1974,`
1974,dear
1974,Gone
1974,morning
1974,mmh
1974,Ow
1974,fool
1974,-
1974,Lord
1974,Yes
1974,Too
1974,Didn
1974,leave
1974,me-me
1974,letter
1974,warning
1974,You
1974,naughty
1974,Ooh
1974,guess
1974,blame
1974,lord
1974,sailor
1974,boy
1974,Child
1974,Hope
1974,hungry
1974,No
1974,barking
1974,vicious
1974,Just
1974,It
1974,tantrums
1974,feel
1974,Now
1974,hit
1974,Coming
1974,strong
1974,Oh
1974,lonely
1974,Went
1974,told
1974,neighbour
1974,She
1974,``
1974,Ah
1974,ooh
1974,''
1974,And
1974,Go
1974,home
1974,!
1974,...
1974,foo-oo-oo-oo-oo-oo-ool
1974,Thank
1974,youEmbed
1974,White
1974,Queen
1974,So
1974,sad
1974,","
1974,eyes
1974,Smiling
1974,dark
1974,As
1974,began
1974,On
1974,breathless
1974,night
1974,Upon
1974,brow
1974,lightest
1974,kiss
1974,I
1974,walked
1974,And
1974,air
1974,My
1974,lady
1974,stir
1974,In
1974,sorrow
1974,The
1974,white
1974,walks
1974,grows
1974,pale
1974,Stars
1974,lovingness
1974,hair
1974,Needing
1974,unheard
1974,Pleading
1974,word
1974,She
1974,How
1974,thee
1974,fare
1974,?
1974,What
1974,mother
1974,willow
1974,green
1974,call
1974,`
1974,neath
1974,window
1974,stayed
1974,loved
1974,footsteps
1974,made
1974,You
1974,heart
1974,ache
1974,dry
1974,lips
1974,make
1974,wait
1974,goddess
1974,hear
1974,darkest
1974,fear
1974,speak
1974,late
1974,It
1974,forevermore
1974,Dear
1974,friend
1974,goodbye
1974,No
1974,tears
1974,ends
1974,began10Embed
1974,Seven
1974,Seas
1974,Rhye
1974,Fear
1974,Lords
1974,And
1974,lady
1974,preachers
1974,I
1974,descend
1974,earth
1974,From
1974,skies
1974,command
1974,souls
1974,You
1974,unbelievers
1974,Bring
1974,The
1974,Can
1974,hear
1974,peers
1974,privy
1974,counselors
1974,?
1974,stand
1974,naked
1974,eyes
1974,destroy
1974,Who
1974,dares
1974,abuse
1974,trust
1974,swear
1974,`
1974,Sister
1974,","
1974,live
1974,lie
1974,Mister
1974,possess
1974,belong
1974,forever
1974,Storm
1974,master-marathon
1974,’
1974,fly
1974,By
1974,flash
1974,thunder-fire
1974,survive
1974,Then
1974,defy
1974,laws
1974,nature
1974,alive
1974,Be
1974,shod
1974,shady
1974,senators
1974,Give
1974,Leave
1974,evil
1974,cries
1974,challenge
1974,mighty
1974,Titan
1974,troubadours
1974,smile
1974,Oh
1974,seaside
1974,!
1974,stroll
1974,Prom
1974,Where
1974,brass
1974,band
1974,plays
1974,:
1974,``
1974,tiddely-om-pom-pom
1974,''
1974,When
1974,meself
1974,glee
1974,Beside
1974,sea18Embed
1974,Nevermore
1974,There
1974,`
1974,living
1974,life
1974,anymore
1974,The
1974,dry
1974,And
1974,rain
1974,stopped
1974,falling
1974,Please
1974,cry
1974,Can
1974,?
1974,Listen
1974,breeze
1974,Whisper
1974,","
1974,Don
1974,send
1974,path
1974,Of
1974,nevermore
1974,Even
1974,valleys
1974,Where
1974,rays
1974,sun
1974,Were
1974,warm
1974,tender
1974,Now
1974,grow
1974,Why
1974,leave
1974,deceive
1974,Send
1974,When
1974,love
1974,Anymore
1974,You
1974,Nevermore10Embed
1974,Brighton
1974,Rock
1974,Happy
1974,day
1974,","
1974,Jimmy
1974,away
1974,Met
1974,Jenny
1974,public
1974,holiday
1974,A
1974,happy
1974,pair
1974,made
1974,decorously
1974,laid
1974,`
1974,Neath
1974,gay
1974,illuminations
1974,promenade
1974,It
1974,magic
1974,air
1974,I
1974,weave
1974,spell
1974,``
1974,stay
1974,tarry
1974,pray
1974,Nothing
1974,Tell
1974,love
1974,?
1974,''
1974,Oh
1974,Mum
1974,disarray
1974,If
1974,mother
1974,discover
1974,How
1974,spent
1974,small
1974,avail
1974,talk
1974,farewell
1974,Ages
1974,Do
1974,crumble
1974,breathing
1974,Lady
1974,Moon
1974,shine
1974,You
1974,pines
1974,writes
1974,letter
1974,everyday
1974,We
1974,erase
1974,compromised
1974,apologize
1974,lady
1974,holidays
1974,Ooh
1974,ooh-hoo-hoo-hoo-hoo
1974,10Embed
1974,Lily
1974,Valley
1974,Baby
1974,","
1974,`
1974,I
1974,forever
1974,searching
1974,high
1974,low
1974,But
1974,?
1974,Neptune
1974,Have
1974,answer
1974,The
1974,lily
1974,valley
1974,Doesn
1974,lie
1974,wait
1974,open
1974,eyes
1974,carry
1974,stormy
1974,skies
1974,follow
1974,course
1974,My
1974,kingdom
1974,horse
1974,time
1974,grow
1974,Serpent
1974,Nile
1974,Relieve
1974,And
1974,cast
1974,spell
1974,Messenger
1974,Seven
1974,Seas
1974,flown
1974,To
1974,king
1974,Rhye
1974,lost
1974,throne
1974,Wars
1974,cease
1974,Is
1974,peace
1974,You
1974,like3Embed
1974,In
1974,Lap
1974,Gods
1974,Aaah
1974,","
1974,aaah
1974,aaaaaaaaah
1974,Aaa-aaaah
1974,aah
1974,Aah
1974,leave
1974,gods
1974,I
1974,live
1974,life
1974,Think
1974,thoughts
1974,With
1974,Anything
1974,touch
1974,lips
1974,But
1974,lords
1974,Leave
1974,What
1974,?
1974,You
1974,like6Embed
1974,Dear
1974,Friends
1974,So
1974,dear
1974,friends
1974,love
1974,Only
1974,tears
1974,dwell
1974,I
1974,dare
1974,wind
1974,blow
1974,lost
1974,","
1974,Go
1974,sleep
1974,dream
1974,Soon
1974,hopes
1974,rise
1974,From
1974,gloom
1974,life
1974,start
1974,anew
1974,And
1974,`
1974,crying
1974,soonYou
1974,like1Embed
1974,Misfire
1974,Don
1974,`
1974,misfire
1974,Fill
1974,desire
1974,To
1974,carry
1974,","
1974,honey
1974,That
1974,love
1974,game
1974,?
1974,It
1974,hit
1974,miss
1974,So
1974,aim
1974,Got
1974,hold
1974,tight
1974,Shoot
1974,sight
1974,fill
1974,With
1974,Your
1974,gun
1974,loaded
1974,And
1974,pointing
1974,There
1974,bullet
1974,delay
1974,time
1974,Fire
1974,night
1974,You
1974,Come
1974,shot
1974,higher
1974,Please
1974,4Embed
1974,Bring
1974,Back
1974,That
1974,Leroy
1974,Brown
1974,back
1974,","
1974,bring
1974,Got
1974,Bet
1974,bottom
1974,dollar
1974,bill
1974,You
1974,`
1974,playboy
1974,Daddy
1974,cool
1974,ninety
1974,smile
1974,Took
1974,money
1974,gratitude
1974,And
1974,town
1974,I
1974,getty
1974,Steady
1974,shoot
1974,hit
1974,latitude
1974,Big
1974,He
1974,common
1974,brains
1974,But
1974,lot
1974,style
1974,Can
1974,stand
1974,jail
1974,rid
1974,sentence
1974,heat
1974,Step
1974,shade
1974,Dead
1974,alive
1974,mama
1974,Lulu
1974,Belle
1974,She
1974,nervous
1974,breakdown
1974,honey
1974,Chile
1974,away
1974,At
1974,station
1974,Put
1974,shotgun
1974,head
1974,mistaken
1974,This
1974,``
1974,big
1974,boy
1974,cutie
1974,pie
1974,''
1974,caused
1974,mighty
1974,Fine
1974,sensation
1974,Gone
1974,elected
1974,President
1974,Next
1974,time
1974,Hit
1974,bitty
1974,baddy
1974,weather
1974,shimmy
1974,shammy
1974,leather
1974,Want
1974,back6Embed
1974,She
1974,Makes
1974,Me
1974,I
1974,love
1974,","
1974,makes
1974,heart
1974,`
1974,jealous
1974,Who
1974,make
1974,As
1974,lie
1974,cocoon
1974,But
1974,world
1974,surely
1974,heal
1974,ills
1974,warm
1974,terrified
1974,day
1974,leave
1974,dreams
1974,follow
1974,grow
1974,How
1974,long
1974,And
1974,slow
1974,You
1974,4Embed
1974,In
1974,Lap
1974,Gods
1974,...
1974,Revisited
1974,It
1974,`
1974,easy
1974,","
1974,I
1974,So
1974,risky
1974,chance
1974,funny
1974,laugh
1974,My
1974,money
1974,wa
1974,talk
1974,But
1974,fool
1974,gods
1974,Whoa
1974,whoa
1974,la-la-la
1974,No
1974,beginning
1974,ending
1974,There
1974,meaning
1974,pretending
1974,Believe
1974,life
1974,Forgive
1974,``
1974,Where
1974,belong
1974,?
1974,''
1974,You
1974,Set
1974,free
1974,la-la
1974,ooh
1974,ooh3Embed
1975,Death
1975,Two
1975,Legs
1975,You
1975,suck
1975,blood
1975,leech
1975,break
1975,law
1975,breach
1975,Screw
1975,brain
1975,hurts
1975,`
1975,money
1975,Misguided
1975,mule
1975,With
1975,pigheaded
1975,rules
1975,narrow-minded
1975,cronies
1975,Who
1975,fools
1975,division
1975,legs
1975,tearing
1975,heart
1975,Killjoy
1975,","
1975,guy
1975,Big
1975,talking
1975,small
1975,fry
1975,barrow
1975,boy
1975,Have
1975,found
1975,toy
1975,replace
1975,?
1975,Can
1975,But
1975,kiss
1975,ass
1975,goodbye
1975,Feel
1975,Are
1975,satisfied
1975,Do
1975,feel
1975,suicide
1975,Is
1975,conscience
1975,Does
1975,plague
1975,night
1975,Talk
1975,big
1975,business
1975,tycoon
1975,hot
1975,air
1975,balloon
1975,So
1975,damn
1975,overgrown
1975,schoolboy
1975,Let
1975,hide
1975,Dog
1975,disease
1975,king
1975,sleaze
1975,Put
1975,mouth
1975,Mr.
1975,Know-All
1975,fin
1975,back
1975,part
1975,deal
1975,Shark
1975,!
1975,Tearing
1975,Of
1975,Insane
1975,put
1975,inside
1975,sewer
1975,rat
1975,decaying
1975,cesspool
1975,pride
1975,Should
1975,made
1975,unemployed
1975,Make
1975,null
1975,void
1975,27Embed
1975,Lazing
1975,Sunday
1975,Afternoon
1975,I
1975,work
1975,Monday
1975,morning
1975,Tuesday
1975,","
1975,honeymoon
1975,`
1975,back
1975,time
1975,sunny-down
1975,lazing
1975,afternoon
1975,Bicycling
1975,Wednesday
1975,evening
1975,Thursday
1975,waltzing
1975,Zoo
1975,London
1975,town
1975,ordinary
1975,guy
1975,Fridays
1975,painting
1975,Louvre
1975,bound
1975,proposing
1975,Saturday
1975,night
1975,You
1975,like4Embed
1975,I
1975,’
1975,Love
1975,My
1975,Car
1975,The
1975,machine
1975,dream
1975,Such
1975,clean
1975,With
1975,pistons
1975,a-pumping
1975,And
1975,hubcaps
1975,gleam
1975,When
1975,`
1975,holding
1975,wheel
1975,All
1975,hear
1975,gear
1975,hand
1975,grease
1975,gun
1975,Oh
1975,","
1975,disease
1975,love
1975,car
1975,Got
1975,feel
1975,automobile
1975,Get
1975,grip
1975,boy
1975,racer
1975,roll
1975,bar
1975,thrill
1975,radials
1975,squeal
1975,Told
1975,girl
1975,forget
1975,Rather
1975,buy
1975,carburetor
1975,So
1975,made
1975,tracks
1975,Saying
1975,``
1975,This
1975,Cars
1975,talk
1975,back
1975,They
1975,four-wheeled
1975,friends
1975,''
1975,You
1975,cruising
1975,overdrive
1975,Don
1975,listen
1975,To
1975,run-of-the-mill
1975,jive
1975,String
1975,gloves
1975,In
1975,automolove
1975,5Embed
1975,You
1975,’
1975,My
1975,Best
1975,Friend
1975,Ooh
1975,","
1975,make
1975,live
1975,Whatever
1975,world
1975,give
1975,It
1975,`
1975,I
1975,honey
1975,Oh
1975,friend
1975,Been
1975,long
1975,time
1975,sunshine
1975,And
1975,That
1975,feelings
1975,love
1975,wandering
1975,round
1975,But
1975,back
1975,In
1975,rain
1975,shine
1975,stood
1975,girl
1975,happy
1975,home
1975,Whenever
1975,cruel
1975,forgive
1975,When
1975,things
1975,turn
1975,lonely
1975,ooh
1975,friend25Embed
1975,’
1975,39
1975,In
1975,year
1975,`
1975,assembled
1975,","
1975,Volunteers
1975,days
1975,lands
1975,Here
1975,ship
1975,sailed
1975,blue
1975,sunny
1975,morn
1975,Sweetest
1975,sight
1975,And
1975,night
1975,day
1975,storytellers
1975,That
1975,score
1975,brave
1975,souls
1975,inside
1975,For
1975,lonely
1975,Sailed
1975,milky
1975,Never
1975,looked
1975,back
1975,feared
1975,cried
1975,Don
1975,hear
1975,call
1975,?
1975,Though
1975,years
1975,away
1975,calling
1975,Write
1975,letters
1975,sand
1975,I
1975,hand
1975,land
1975,grandchildren
1975,knew
1975,Came
1975,The
1975,home
1975,bring
1975,news
1975,Of
1975,world
1975,newly
1975,born
1975,hearts
1975,heavily
1975,weight
1975,Earth
1975,grey
1975,Little
1975,darling
1975,love
1975,older
1975,Your
1975,mother
1975,eyes
1975,cry
1975,You
1975,All
1975,Can
1975,heal
1975,life
1975,ahead
1975,pity
1975,me20Embed
1975,Sweet
1975,Lady
1975,Ooh
1975,","
1975,I
1975,You
1975,call
1975,treat
1975,tear
1975,inside
1975,`
1975,lead
1975,bring
1975,shout
1975,believe
1975,lady
1975,stay
1975,sweet
1975,feed
1975,lines
1975,kind
1975,cheese
1975,Waiting
1975,shelf
1975,eat
1975,hold
1975,fool
1975,make
1975,home
1975,Stay
1975,My
1975,Though
1975,wait
1975,forever
1975,baby
1975,Believe
1975,Oh
1975,runaway
1975,Come
1975,Yeah
1975,Woo
1975,!
1975,4Embed
1975,Seaside
1975,Rendezvous
1975,","
1975,stroll
1975,I
1975,`
1975,contemplating
1975,feel
1975,inside
1975,Meanwhile
1975,Clementine
1975,You
1975,love
1975,madly
1975,Let
1975,imagination
1975,run
1975,away
1975,gladly
1975,A
1975,brand
1975,angle
1975,highly
1975,commendable
1975,rendezvous
1975,romantic
1975,?
1975,Can
1975,Fantastic
1975,vie
1975,mesdames
1975,messieurs
1975,And
1975,peak
1975,season
1975,The
1975,Mediterranean
1975,This
1975,time
1975,year
1975,fashionable
1975,dancing
1975,rain
1975,volunteer
1975,What
1975,damn
1975,jolly
1975,idea
1975,It
1975,jollification
1975,matter
1975,fact
1975,So
1975,très
1975,charmant
1975,dear
1975,Underneath
1975,moonlight
1975,Together
1975,sail
1975,Reminiscing
1975,night
1975,Meantime
1975,valentine
1975,daddy
1975,Valentino
1975,We
1975,ride
1975,omnibus
1975,casino
1975,Get
1975,facial
1975,start
1975,sensational
1975,adorable
1975,ooh-ooh
1975,give
1975,kiss4Embed
1975,The
1975,Prophet
1975,’
1975,Song
1975,Oh-oh
1975,","
1975,earth
1975,``
1975,Listen
1975,warning
1975,''
1975,seer
1975,Beware
1975,storm
1975,gathers
1975,wise
1975,!
1975,I
1975,dreamed
1975,moonlit
1975,stair
1975,Spreading
1975,hand
1975,multitude
1975,A
1975,cried
1975,love
1975,stale
1975,And
1975,ice
1975,cold
1975,hearts
1975,charity
1975,watched
1975,fear
1975,`
1975,gaze
1975,Hopes
1975,young
1975,troubled
1975,graves
1975,day
1975,heard
1975,So
1975,grey
1975,mortal
1975,prophet
1975,For
1975,night
1975,fall
1975,Summoned
1975,children
1975,land
1975,Quicken
1975,life
1975,Ooh
1975,fly
1975,find
1975,green
1975,bough
1975,Return
1975,white
1975,You
1975,He
1975,told
1975,death
1975,bone
1975,haze
1975,Taking
1975,lost
1975,unloved
1975,babe
1975,Late
1975,late
1975,wretches
1975,run
1975,These
1975,kings
1975,beasts
1975,counting
1975,days
1975,From
1975,mother
1975,estranged
1975,Married
1975,precious
1975,shake
1975,break
1975,dowry
1975,hear
1975,mark
1975,words
1975,plan
1975,Oh
1975,human
1975,zoo
1975,They
1975,running
1975,Running
1975,rain
1975,flee
1975,Who
1975,heed
1975,treasure
1975,make
1975,Deceive
1975,fires
1975,hell
1975,Should
1975,await
1975,?
1975,Ah
1975,People
1975,That
1975,Now
1975,In
1975,Death
1975,Around
1975,Whoa
1975,whoa
1975,listen
1975,La-la
1975,La-la-la-la-la-la
1975,Come
1975,madman
1975,God
1975,give
1975,grace
1975,purge
1975,place
1975,peace
1975,fortune
1975,Love
1975,answer
1975,vision
1975,fades
1975,voice
1975,dare
1975,Laugh
1975,15Embed
1975,TranslationsTürkçeEspañolРусскийLove
1975,My
1975,Life
1975,Love
1975,life
1975,","
1975,`
1975,hurt
1975,You
1975,broken
1975,heart
1975,And
1975,leave
1975,?
1975,Bring
1975,back
1975,bring
1975,Don
1975,away
1975,Because
1975,What
1975,means
1975,love
1975,desert
1975,remember
1975,blown
1975,When
1975,I
1975,grow
1975,older
1975,side
1975,To
1975,remind
1975,How
1975,Back
1975,hurry
1975,Please
1975,home
1975,Ooh
1975,ooh57Embed
1975,Good
1975,Company
1975,``
1975,Take
1975,`
1975,''
1975,My
1975,father
1975,As
1975,puffed
1975,pipe
1975,Baby
1975,B
1975,He
1975,dandled
1975,knee
1975,Don
1975,fool
1975,fools
1975,turn
1975,away
1975,Keep
1975,company
1975,Ooh-ooh
1975,","
1975,ooh-ooh
1975,call
1975,And
1975,Soon
1975,I
1975,grew
1975,happy
1975,friends
1975,We
1975,play
1975,day
1975,Sally
1975,J
1975,The
1975,girl
1975,number
1975,begged
1975,Won
1975,?
1975,Oh
1975,marry
1975,evermore
1975,You
1975,Now
1975,marriage
1975,institution
1975,wife
1975,All
1975,year
1975,By
1975,disappear
1975,But
1975,safe
1975,flourished
1975,humble
1975,trade
1975,reputation
1975,work
1975,devoured
1975,waking
1975,hours
1975,time
1975,Reward
1975,efforts
1975,limited
1975,noticed
1975,parted
1975,years
1975,In
1975,appears
1975,There
1975,puff
1975,ponder
1975,lesson
1975,life
1975,insanity
1975,4Embed
1975,TranslationsDeutschTürkçeไทย
1975,/
1975,Phasa
1975,ThaiEspañolPortuguêsفارسیBohemian
1975,Rhapsody
1975,Is
1975,real
1975,life
1975,?
1975,fantasy
1975,Caught
1975,landslide
1975,","
1975,escape
1975,reality
1975,Open
1975,eyes
1975,skies
1975,I
1975,`
1975,poor
1975,boy
1975,sympathy
1975,Because
1975,easy
1975,high
1975,low
1975,Any
1975,wind
1975,blows
1975,matter
1975,Mama
1975,killed
1975,Put
1975,gun
1975,head
1975,pulled
1975,trigger
1975,dead
1975,begun
1975,But
1975,thrown
1975,away
1975,ooh
1975,make
1975,cry
1975,If
1975,back
1975,time
1975,tomorrow
1975,Carry
1975,carry
1975,matters
1975,Too
1975,late
1975,Sends
1975,shivers
1975,spine
1975,body
1975,aching
1975,Goodbye
1975,Got
1975,leave
1975,truth
1975,wa
1975,wish
1975,born
1975,You
1975,silhouetto
1975,Scaramouche
1975,Fandango
1975,Thunderbolt
1975,lightning
1975,frightening
1975,Galileo
1975,Figaro
1975,magnifico
1975,loves
1975,He
1975,family
1975,Spare
1975,monstrosity
1975,Easy
1975,Bismillah
1975,!
1975,No
1975,We
1975,Will
1975,Ah
1975,Mamma
1975,Beelzebub
1975,devil
1975,put
1975,So
1975,stone
1975,spit
1975,eye
1975,love
1975,Oh
1975,baby
1975,Just
1975,outta
1975,Nothing
1975,blows690Embed
1976,Tie
1976,Your
1976,Mother
1976,Down
1976,Ooh
1976,","
1976,Get
1976,party
1976,gown
1976,pigtail
1976,heart
1976,beating
1976,baby
1976,Got
1976,timing
1976,act
1976,tight
1976,It
1976,`
1976,tonight
1976,My
1976,school
1976,babe
1976,momma
1976,And
1976,daddy
1976,I
1976,boiling
1976,inside
1976,There
1976,lose
1976,time
1976,Oh
1976,mother
1976,Lock
1976,doors
1976,nosing
1976,Give
1976,love
1976,``
1976,You
1976,dirty
1976,louse
1976,Go
1976,house
1976,''
1976,That
1976,family
1976,ties
1976,fact
1976,heard
1976,A
1976,single
1976,civil
1976,word
1976,guys
1976,But
1976,give
1976,light
1976,make
1976,sweetheart
1976,hand
1976,To
1976,put
1976,stop
1976,Snipin
1976,grousin
1976,goin
1976,night
1976,Take
1976,brother
1976,Swimming
1976,brick
1976,alright
1976,yeah-yeah
1976,Or
1976,friend
1976,Bad
1976,guy
1976,mommy
1976,Are
1976,plague
1976,They
1976,understand
1976,peace
1976,loving
1976,big
1976,Big
1976,Yeah
1976,tie
1976,All
1976,inch
1976,Tonight20Embed
1976,Long
1976,Away
1976,You
1976,believe
1976,heaven
1976,I
1976,For
1976,star
1976,There
1976,`
1976,sad
1976,soul
1976,today
1976,Wake
1976,morning
1976,Stare
1976,moon
1976,day
1976,Lonely
1976,whisper
1976,chase
1976,Does
1976,prayers
1976,So
1976,life
1976,Did
1976,leave
1976,Such
1976,long
1976,","
1976,Who
1976,Now
1976,Where
1976,light
1976,find
1976,?
1976,Look
1976,Take
1976,heart
1976,friend
1976,love
1976,Though
1976,A
1976,million
1976,lights
1976,Smile
1976,home
1976,Hurry
1976,put
1976,troubles
1976,suitcase
1976,Come
1976,child
1976,play
1976,leaving
1976,away
1976,stars
1976,live
1976,Leave
1976,hopeless
1976,lane
1976,(
1976,)
1976,dayYou
1976,like27Embed
1976,The
1976,Millionaire
1976,Waltz
1976,Bring
1976,charge
1976,love
1976,brigade
1976,There
1976,spring
1976,air
1976,Drink
1976,sound
1976,song
1976,parade
1976,music
1976,Give
1976,Take
1976,I
1976,wa
1976,share
1976,feel
1976,millionaire
1976,Once
1976,mad
1976,We
1976,happy
1976,","
1976,spent
1976,days
1976,Holding
1976,hands
1976,Do
1976,remember
1976,How
1976,danced
1976,played
1976,?
1976,In
1976,rain
1976,laid
1976,wish
1976,stay
1976,Forever
1976,Now
1976,sad
1976,away
1976,counting
1976,hours
1976,day
1976,Come
1976,back
1976,long
1976,Be
1976,You
1976,!
1976,Oh
1976,Won
1976,`
1976,My
1976,fine
1976,friend
1976,wiz
1976,Unt
1976,forever
1976,make
1976,millionaire10Embed
1976,You
1976,I
1976,Ooh-ooh
1976,Music
1976,playing
1976,darkness
1976,And
1976,lantern
1976,swinging
1976,Shadows
1976,flickering
1976,","
1976,heart
1976,`
1976,jittering
1976,Just
1976,Not
1976,tonight
1976,tomorrow
1976,When
1976,sunny
1976,bright
1976,No
1976,Cause
1976,Waiting
1976,moonlight
1976,We
1976,walking
1976,Walking
1976,Laughter
1976,ringing
1976,People
1976,drinking
1976,days
1976,Time
1976,side
1976,Please
1976,stay
1976,Ooh
1976,Foresee
1976,future
1976,years
1976,Where
1976,life
1976,leading
1976,But
1976,forever
1976,?
1976,What
1976,love
1976,Can
1976,Don
1976,Be
1976,alright
1976,Wait
1976,Will
1976,happy
1976,As
1976,feeling
1976,In
1976,hear
1976,music
1976,Floating
1976,softly
1976,lie
1976,questions
1976,Let
1976,enjoy
1976,Mm
1976,5Embed
1976,White
1976,Man
1976,I
1976,`
1976,simple
1976,With
1976,From
1976,soil
1976,","
1976,In
1976,remain
1976,Oh
1976,And
1976,made
1976,shoes
1976,trod
1976,soft
1976,land
1976,But
1976,immigrant
1976,built
1976,roads
1976,On
1976,blood
1976,sand
1976,white
1976,Don
1976,light
1976,Behind
1976,blackened
1976,skies
1976,You
1976,away
1976,sights
1976,To
1976,blind
1976,eyes
1976,Where
1976,hide
1976,hell
1976,?
1976,red
1976,hands
1976,knives
1976,Bible
1976,swore
1976,Fought
1976,battle
1976,lies
1976,Leave
1976,body
1976,shame
1976,soul
1976,disgrace
1976,God
1976,Say
1976,prayers
1976,race
1976,Our
1976,country
1976,green
1976,rivers
1976,wide
1976,gun
1976,children
1976,died
1976,give
1976,For
1976,shed
1976,Uuuh
1976,Oh-uh-oh
1976,Ooh
1976,fought
1976,civilized
1976,Look
1976,Take
1976,Every
1976,skin
1976,bone
1976,Yeah
1976,getcha
1976,What
1976,left
1976,dream
1976,Just
1976,words
1976,stone
1976,A
1976,learned
1976,teach
1976,Then
1976,forgot
1976,learn
1976,yeah3Embed
1976,Work
1976,","
1976,Terrible
1976,In
1976,Queen
1976,Victoria
1976,`
1976,day
1976,Industrial
1976,revolution
1976,Meant
1976,bosses
1976,``
1976,Please
1976,employees
1976,''
1976,We
1976,needed
1976,solution
1976,Who
1976,climb
1976,chimneys
1976,?
1976,power
1976,grids
1976,Victorian
1976,families
1976,desperately
1976,poor
1976,They
1976,employ
1976,kids
1976,For
1976,...
1976,terrible
1976,work
1976,From
1976,young
1976,ages
1976,Up
1976,clean
1976,Paid
1976,pitiful
1976,wages
1976,Pins
1976,make
1976,faster
1976,If
1976,grew
1976,big
1976,Get
1976,sacked
1976,master
1976,!
1976,Now
1976,Cleaning
1976,factory
1976,strong
1976,And
1976,hours
1976,long
1976,This
1976,unsatisfactory
1976,Learn
1976,caught
1976,spokes
1976,Or
1976,trap
1976,hands
1976,gauges
1976,To
1976,stop
1976,machines
1976,Will
1976,cost
1976,week
1976,There
1976,health
1976,safety
1976,So
1976,hurt
1976,replace
1976,Sorry
1976,I
1976,short
1976,cash
1976,pick
1976,pockets
1976,Wallets
1976,gentlemen
1976,ladies
1976,lockets
1976,Small
1976,away
1976,Hardly
1976,cry
1976,taught
1976,Boo-hoo
1976,Dangerous
1976,demeaning
1976,No
1976,time
1976,complain
1976,back
1976,cleaning
1976,Guess
1976,dreaming
1976,School
1976,glorious
1976,school
1976,Wonderful
1976,marvellous
1976,Wish
1976,school1Embed
1976,Drowse
1976,It
1976,`
1976,sad-eyed
1976,goodbye
1976,Yesterday
1976,moments
1976,I
1976,remember
1976,bleak
1976,street
1976,","
1976,weak-kneed
1976,Partings
1976,recall
1976,mistier
1976,mist
1976,hazier
1976,days
1976,The
1976,brighter
1976,sun
1976,easier
1976,lays
1976,There
1976,reason
1976,For
1976,laughing
1976,crying
1976,When
1976,younger
1976,And
1976,life
1976,hard
1976,fantastic
1976,drowse
1976,afternoon
1976,Sundays
1976,That
1976,bored
1976,rages
1976,tears
1976,unending
1976,pleadings
1976,waste
1976,times
1976,In
1976,thoughts
1976,middle-aged
1976,years
1976,vertical
1976,hold
1976,things
1976,told
1976,everyday
1976,hero
1976,turns
1976,zero
1976,You
1976,living
1976,dying
1976,young
1976,troubles
1976,small
1976,Out
1976,gather
1976,meet
1976,scuff
1976,sidewalk
1976,endlessly
1976,restless
1976,feet
1976,half
1976,time
1976,broaden
1976,minds
1976,pool
1976,hall
1976,school
1976,With
1976,downtown
1976,chewing-gum
1976,bums
1976,Watching
1976,nightlife
1976,lights
1976,fun
1976,Never
1976,wanted
1976,boy
1976,Always
1976,But
1976,’
1976,easy
1976,smalltown
1976,Thinkin
1976,doin
1976,wrong
1976,armchair
1976,Waves
1976,alternatives
1976,wash
1976,sleepiness
1976,Have
1976,eggs
1976,poached
1976,breakfast
1976,guess
1976,Clint
1976,Eastwood
1976,Oh
1976,Jimi
1976,Hendrix
1976,Let
1976,William
1976,Conqueror
1976,Now
1976,?
1976,Brian
1976,May3Embed
1976,Teo
1976,Torriatte
1976,When
1976,I
1976,`
1976,No
1976,wonder
1976,If
1976,The
1976,moon
1976,shines
1976,wind
1976,blows
1976,For
1976,And
1976,time
1976,paper
1976,Be
1976,Though
1976,It
1976,hold
1976,flower
1976,touches
1976,A
1976,life
1976,grows
1976,","
1976,blossom
1976,There
1976,Could
1976,warm
1976,heart
1976,Let
1976,cling
1976,years
1976,Oh
1976,love
1976,In
1976,quiet
1976,night
1976,candle
1976,burn
1976,lose
1976,lessons
1976,learned
1976,You
1976,手を取り合ってこのまま行こう
1976,愛する人よ
1976,静かな宵に
1976,光を灯し
1976,愛しき教えを抱き
1976,Hear
1976,song
1976,Still
1976,nights
1976,grow
1976,long
1976,But
1976,dreams
1976,live
1976,Just
1976,close
1976,pretty
1976,eyes
1976,Dream
1976,They
1976,fools
1976,understand
1976,strong
1976,Don
1976,turn
1976,We
1976,12Embed
1976,Tie
1976,Your
1976,Mother
1976,Down
1976,Ooh
1976,","
1976,Get
1976,party
1976,gown
1976,pigtail
1976,heart
1976,beating
1976,baby
1976,Got
1976,timing
1976,act
1976,tight
1976,It
1976,`
1976,tonight
1976,My
1976,school
1976,babe
1976,momma
1976,And
1976,daddy
1976,I
1976,boiling
1976,inside
1976,There
1976,lose
1976,time
1976,Oh
1976,mother
1976,Lock
1976,doors
1976,nosing
1976,Give
1976,love
1976,``
1976,You
1976,dirty
1976,louse
1976,Go
1976,house
1976,''
1976,That
1976,family
1976,ties
1976,fact
1976,heard
1976,A
1976,single
1976,civil
1976,word
1976,guys
1976,But
1976,give
1976,light
1976,make
1976,sweetheart
1976,hand
1976,To
1976,put
1976,stop
1976,Snipin
1976,grousin
1976,goin
1976,night
1976,Take
1976,brother
1976,Swimming
1976,brick
1976,alright
1976,yeah-yeah
1976,Or
1976,friend
1976,Bad
1976,guy
1976,mommy
1976,Are
1976,plague
1976,They
1976,understand
1976,peace
1976,loving
1976,big
1976,Big
1976,Yeah
1976,tie
1976,All
1976,inch
1976,Tonight20Embed
1976,Somebody
1976,Love
1976,Can
1976,find
1976,love
1976,?
1976,Ooh
1976,","
1976,morning
1976,I
1976,barely
1976,stand
1976,feet
1976,Take
1976,mirror
1976,cry
1976,Lord
1976,`
1976,spent
1976,years
1976,believin
1976,But
1976,relief
1976,Yeah
1976,work
1976,hard
1976,day
1976,life
1976,ache
1976,bones
1976,At
1976,home
1976,My
1976,hard-earned
1976,pay
1976,Till
1976,tears
1976,run
1976,eyes
1976,You
1976,Oh
1976,put
1976,They
1976,crazy
1976,lot
1976,water
1976,brain
1976,common
1976,left
1976,believe
1976,No
1976,Anybody
1976,Someone
1976,Got
1976,feel
1976,rhythm
1976,losing
1976,beat
1976,alright
1976,defeat
1976,prison
1976,cell
1976,Someday
1976,free
1976,Find
1976,love-ove-ove
1976,me60Embed
1976,You
1976,Take
1976,My
1976,Breath
1976,Away
1976,Ooh
1976,","
1976,away
1976,breath
1976,you-ou-ou-ou
1976,Look
1976,eyes
1976,`
1976,I
1976,captured
1976,love
1976,stolen
1976,heart
1976,Changed
1976,life
1976,Every
1976,time
1976,make
1976,move
1976,destroy
1976,mind
1976,And
1976,touch
1976,lose
1976,control
1976,shiver
1976,deep
1976,inside
1976,reduce
1976,tears
1976,With
1976,single
1976,sigh
1976,sound
1976,Is
1976,whisper
1976,ear
1976,give
1976,kiss
1976,surely
1976,If
1976,dismiss
1976,So
1976,Don
1976,leave
1976,lonely
1976,find
1976,Right
1976,ends
1976,earth
1976,sleep
1976,To
1976,found
1976,away8Embed
1976,Work
1976,","
1976,Terrible
1976,In
1976,Queen
1976,Victoria
1976,`
1976,day
1976,Industrial
1976,revolution
1976,Meant
1976,bosses
1976,``
1976,Please
1976,employees
1976,''
1976,We
1976,needed
1976,solution
1976,Who
1976,climb
1976,chimneys
1976,?
1976,power
1976,grids
1976,Victorian
1976,families
1976,desperately
1976,poor
1976,They
1976,employ
1976,kids
1976,For
1976,...
1976,terrible
1976,work
1976,From
1976,young
1976,ages
1976,Up
1976,clean
1976,Paid
1976,pitiful
1976,wages
1976,Pins
1976,make
1976,faster
1976,If
1976,grew
1976,big
1976,Get
1976,sacked
1976,master
1976,!
1976,Now
1976,Cleaning
1976,factory
1976,strong
1976,And
1976,hours
1976,long
1976,This
1976,unsatisfactory
1976,Learn
1976,caught
1976,spokes
1976,Or
1976,trap
1976,hands
1976,gauges
1976,To
1976,stop
1976,machines
1976,Will
1976,cost
1976,week
1976,There
1976,health
1976,safety
1976,So
1976,hurt
1976,replace
1976,Sorry
1976,I
1976,short
1976,cash
1976,pick
1976,pockets
1976,Wallets
1976,gentlemen
1976,ladies
1976,lockets
1976,Small
1976,away
1976,Hardly
1976,cry
1976,taught
1976,Boo-hoo
1976,Dangerous
1976,demeaning
1976,No
1976,time
1976,complain
1976,back
1976,cleaning
1976,Guess
1976,dreaming
1976,School
1976,glorious
1976,school
1976,Wonderful
1976,marvellous
1976,Wish
1976,school1Embed
1977,TranslationsPolskiPortuguêsWe
1977,Will
1977,Rock
1977,You
1977,Buddy
1977,","
1977,`
1977,boy
1977,make
1977,big
1977,noise
1977,Playing
1977,street
1977,Go
1977,someday
1977,mud
1977,disgrace
1977,Kicking
1977,place
1977,singing
1977,We
1977,rock
1977,young
1977,hard
1977,Shouting
1977,world
1977,blood
1977,Waving
1977,banner
1977,poor
1977,Pleading
1977,eyes
1977,peace
1977,Big
1977,Somebody
1977,put
1977,back
1977,sing
1977,alright
1977,91Embed
1977,TranslationsPortuguêsWe
1977,Are
1977,Champions
1977,I
1977,`
1977,paid
1977,dues
1977,","
1977,time
1977,sentence
1977,committed
1977,crime
1977,And
1977,mistakes
1977,made
1977,share
1977,sand
1977,kicked
1977,We
1977,champions
1977,friends
1977,fighting
1977,No
1977,losers
1977,Cause
1977,world
1977,bows
1977,curtain
1977,calls
1977,You
1977,brought
1977,fame
1977,fortune
1977,But
1977,bed
1977,roses
1977,pleasure
1977,cruise
1977,consider
1977,challenge
1977,human
1977,race
1977,lose
1977,champions…You
1977,like53Embed
1977,Sheer
1977,Heart
1977,Attack
1977,Well
1977,","
1977,`
1977,seventeen
1977,All
1977,wa
1977,disappear
1977,You
1977,I
1977,There
1977,lot
1977,space
1977,ears
1977,The
1977,touch
1977,feel
1977,Hey
1977,hey
1977,It
1977,DNA
1977,That
1977,made
1977,Do
1977,Just
1977,?
1977,heart
1977,attack
1977,Real
1977,cardiac
1977,Inar-inar-inar-inar-inar-inar-inar-inarticulate
1977,Got
1977,feeling
1977,paralyzed
1977,surprise
1977,Turn
1977,TV
1977,Let
1977,drip
1977,eyes
1977,inar-inar-inar-inar
1977,Inar-inar-inar-inarticulate
1977,cardiac14Embed
1977,All
1977,Dead
1977,","
1977,She
1977,farthing
1977,A
1977,babe
1977,So
1977,ado
1977,Is
1977,`
1977,lover
1977,games
1977,played
1977,Through
1977,fleeted
1977,summer
1977,precious
1977,day
1977,dead
1977,dreams
1977,And
1977,I
1977,wonder
1977,live
1977,spared
1977,My
1977,sweeter
1977,half
1977,instead
1977,At
1977,rainbow
1977,hear
1977,sweet
1977,song
1977,Take
1977,back
1977,You
1977,friend
1977,Her
1977,ways
1977,wander
1977,But
1977,forgive
1977,child
1977,grieve
1977,In
1977,time
1977,hope
1977,breathe
1977,Of
1977,course
1977,believe
1977,gone14Embed
1977,Spread
1977,Your
1977,Wings
1977,Sammy
1977,low
1977,","
1977,watching
1977,show
1977,Over
1977,Knew
1977,time
1977,`
1977,made
1977,mind
1977,To
1977,leave
1977,dead
1977,life
1977,His
1977,boss
1977,``
1977,Boy
1977,begin
1977,crazy
1977,notions
1977,Right
1977,head
1977,?
1977,You
1977,sweeping
1977,Up
1977,Emerald
1977,Bar
1977,''
1977,wings
1977,fly
1977,away
1977,Fly
1977,Pull
1977,Cause
1977,That
1977,free
1977,He
1977,spends
1977,evenings
1977,Alone
1977,room
1977,Keeping
1977,thoughts
1977,leaving
1977,Wishing
1977,miles
1977,Nothing
1977,world
1977,make
1977,stay
1977,Since
1977,small
1977,luck
1977,easy
1977,Now
1977,This
1977,chance
1977,listen
1977,boy
1977,!
1977,dreaming
1977,real
1977,ambition
1977,Why
1977,happy
1977,At
1977,So
1977,honey
1977,spread
1977,Come
1977,14Embed
1977,Fight
1977,Inside
1977,Hey
1977,","
1977,boy
1977,hey
1977,Know
1977,`
1977,doin
1977,?
1977,You
1977,Set
1977,things
1977,rights
1977,picture
1977,On
1977,teenage
1977,wall
1977,sucker
1977,Ready
1977,fall
1977,fight
1977,inside
1977,Attack
1977,rear
1977,win
1977,hands
1977,tied
1977,Ooh
1977,ooh
1977,aah
1977,!
1977,Right
1977,line
1977,In
1977,streets
1977,free
1977,money-spinner
1977,tool
1977,fool
1977,Aah
1977,line4Embed
1977,Get
1977,Down
1977,","
1977,Make
1977,Love
1977,make
1977,love
1977,You
1977,body
1977,I
1977,give
1977,heat
1977,`
1977,hungry
1977,meat
1977,suck
1977,mind
1977,blow
1977,head
1977,inside
1977,bed
1977,Everybody
1977,Every
1977,time
1977,hot
1977,wa
1977,cool
1977,high
1977,In
1977,fact
1977,squeeze
1977,shake
1977,feel
1977,break
1977,Aah
1977,!
1977,love2Embed
1977,Sleeping
1977,Sidewalk
1977,One
1977,","
1977,I
1977,nothin
1977,`
1977,city
1977,boy
1977,My
1977,trumpet
1977,toy
1977,blowin
1977,horn
1977,Since
1977,knew
1977,born
1977,But
1977,’
1977,sleepin
1977,sidewalk
1977,Rollin
1977,road
1977,hungry
1977,wa
1977,home
1977,So
1977,round
1977,corner
1977,limousine
1977,And
1977,biggest
1977,grin
1977,Hey
1977,sonny
1977,sign
1977,Right
1977,dotted
1977,line
1977,?
1977,What
1977,sayin
1977,playin
1977,Sure
1977,Now
1977,happened
1977,You
1977,They
1977,room
1977,table
1977,``
1977,blow
1977,''
1977,played
1977,record
1977,year
1977,legend
1977,land
1977,million
1977,fans
1977,Nothin
1977,a-missin
1977,All
1977,listen
1977,happy
1977,princess
1977,Never
1977,touch
1977,Have
1977,fun
1977,That
1977,fashion-able
1977,owe
1977,A
1977,bucks
1977,told
1977,Where
1977,stick
1977,fancy
1977,label
1977,It
1977,Back
1977,layin
1977,back
1977,game
1977,Yeah4Embed
1977,Who
1977,Needs
1977,You
1977,I
1977,make
1977,half
1977,past
1977,","
1977,Always
1977,hanging
1977,round
1977,spoilt
1977,Girl
1977,waiting
1977,Never
1977,contemplating
1977,point
1977,view
1977,This
1977,surprise
1977,`
1977,fool
1977,believed
1977,lies
1977,But
1977,disguise
1977,?
1977,Oh
1977,Went
1977,knees
1977,How
1977,trusted
1977,turned
1977,eat
1977,rat
1977,race
1977,And
1977,leaves
1977,bleeding
1977,Lying
1977,flat
1977,Reaching
1977,reaching
1977,For
1977,helping
1977,hand
1977,muchachos
1977,Well
1977,pushed
1977,Don
1977,walked
1977,give
1977,Taking
1977,step
1977,forward
1977,Slipping
1977,steps
1977,back
1977,There
1977,empty
1977,feeling
1977,That
1977,forget
1977,When
1977,charming
1977,Couldn
1977,sleep
1977,night
1977,sophisticated
1977,interested
1977,swallow
1977,pride
1977,So
1977,naïve
1977,ride
1977,decide
1977,4Embed
1977,It
1977,’
1977,Late
1977,You
1977,love
1977,And
1977,I
1977,candlelight
1977,There
1977,`
1977,blame
1977,But
1977,inside
1977,That
1977,turning
1977,mind
1977,away
1977,Oh
1977,","
1977,If
1977,stay
1977,When
1977,bleeding
1977,deep
1977,Ooh
1977,sickly
1977,pride
1977,?
1977,Even
1977,The
1977,feeling
1977,steal
1977,Though
1977,crying
1977,hear
1977,late
1977,Is
1977,sweetest
1977,time
1977,Now
1977,leaving
1977,believe
1977,made
1977,Don
1977,driving
1977,mad
1977,Yes
1977,Save
1977,turn
1977,lights
1977,wrong
1977,learn
1977,long
1977,We
1977,work
1977,life
1977,Tell
1977,Try
1977,Woo
1977,!
1977,Too
1977,Ah
1977,staring
1977,With
1977,suspicion
1977,eye
1977,game
1977,playing
1977,What
1977,reply
1977,tonight
1977,making
1977,lie
1977,make
1977,wonder
1977,Did
1977,live
1977,set
1977,free
1977,So
1977,fire
1977,Take
1977,bodies
1977,night
1977,Let
1977,waters
1977,guilt
1977,tide
1977,Whoa
1977,Come
1977,4Embed
1991,Innuendo
1991,One
1991,","
1991,Ooh
1991,ooh
1991,!
1991,While
1991,sun
1991,hangs
1991,sky
1991,And
1991,desert
1991,sand
1991,waves
1991,crash
1991,meet
1991,land
1991,`
1991,wind
1991,stars
1991,rainbow
1991,Till
1991,mountains
1991,crumble
1991,plain
1991,Oh
1991,Tread
1991,fine
1991,line
1991,Just
1991,passing
1991,time
1991,live
1991,race
1991,Color
1991,creed
1991,rule
1991,blind
1991,madness
1991,pure
1991,greed
1991,Our
1991,lives
1991,dictated
1991,tradition
1991,Superstition
1991,false
1991,religion
1991,Through
1991,eons
1991,You
1991,We
1991,tread
1991,sorrow
1991,All
1991,splendor
1991,Don
1991,offense
1991,innuendo
1991,turn
1991,Be
1991,free
1991,tempo
1991,Surrender
1991,ego
1991,If
1991,God
1991,kind
1991,Of
1991,justice
1991,point
1991,reason
1991,To
1991,answer
1991,questions
1991,feel
1991,bound
1991,Show
1991,destroy
1991,fears
1991,Release
1991,mask
1991,Hey
1991,Yeah
1991,smiling
1991,9Embed
1991,I
1991,’
1991,Going
1991,Slightly
1991,Mad
1991,When
1991,temperature
1991,rises
1991,And
1991,meaning
1991,","
1991,clear
1991,One
1991,thousand
1991,yellow
1991,daffodils
1991,Begin
1991,dance
1991,front
1991,dear
1991,Are
1991,?
1991,You
1991,`
1991,missing
1991,final
1991,screw
1991,simply
1991,pink
1991,To
1991,honest
1991,clue
1991,slightly
1991,mad
1991,It
1991,finally
1991,happened
1991,oh-woah
1991,Oh
1991,hahaha
1991,card
1991,short
1991,full
1991,deck
1991,shilling
1991,wave
1991,shipwreck
1991,usual
1991,top
1991,billing
1991,coming
1991,fever
1991,This
1991,kettle
1991,boiling
1991,banana
1991,tree
1991,Finally
1991,uh
1991,Oo-oo-ah-ah
1991,oo-oh-ah-ah
1991,knitting
1991,needle
1991,Unravelling
1991,fast
1991,driving
1991,wheels
1991,days
1991,But
1991,Just
1991,11Embed
1991,Headlong
1991,And
1991,`
1991,rushing
1991,headlong
1991,You
1991,goal
1991,Out
1991,control
1991,strong
1991,But
1991,stopping
1991,Nothing
1991,","
1991,There
1991,No
1991,Yeah
1991,!
1991,Hey
1991,With
1991,stick
1991,hand
1991,She
1991,woman
1991,hot
1991,stand
1991,Now
1991,soup
1991,laundry
1991,bag
1991,strings
1991,lose
1991,rag
1991,fight
1991,Then
1991,groovy
1991,When
1991,screaming
1991,night
1991,Let
1991,cheap
1991,B-movie
1991,highway
1991,stop
1991,rocking
1991,red-hot
1991,Meets
1991,white-hot
1991,lady
1991,Soon
1991,fire
1991,starts
1991,raging
1991,Gets
1991,half
1991,crazy
1991,Ooh
1991,start
1991,freaking
1991,Everywhere
1991,turn
1991,walking
1991,Cause
1991,feet
1991,burned
1991,It
1991,time
1991,figure
1991,wrong
1991,Because
1991,reason
1991,window
1991,Better
1991,hold
1991,tight
1991,Alright
1991,Down
1991,Ha
1991,Gnoldaeh
1991,gnoldaeh
1991,gnoldaeh3Embed
1991,I
1991,Can
1991,’
1991,Live
1991,You
1991,`
1991,live
1991,But
1991,stay
1991,Ooh
1991,","
1991,away
1991,All
1991,Yeah
1991,hard
1991,time
1991,walking
1991,fine
1991,line
1991,Between
1991,hope
1991,despair
1991,travelled
1991,long
1991,road
1991,To
1991,hold
1991,sorrow
1991,catch
1991,dream
1991,Love
1991,``
1991,baby
1991,''
1991,When
1991,deep
1991,inside
1991,petrified
1991,Lover
1991,turns
1991,hater
1991,escalator
1991,breathe
1991,We
1991,stuck
1991,place
1991,trapped
1991,rat
1991,race
1991,escape
1991,Maybe
1991,mistake
1991,make
1991,high
1991,score
1991,closed
1991,And
1991,winning
1991,sinning
1991,Hold
1991,Anger
1991,breaking
1991,hurt
1991,Passions
1991,screaming
1991,hotter
1991,Doing
1991,leave
1991,Cause
1991,love
1991,No
1991,Through
1991,madness
1991,tears
1991,For
1991,million
1991,years
1991,!
1991,Without
1991,Oh
1991,Baby
1991,whoa
1991,you3Embed
1991,Don
1991,’
1991,Try
1991,So
1991,Hard
1991,If
1991,`
1991,searching
1991,hard
1991,feeling
1991,kind
1991,When
1991,problems
1991,mountains
1991,You
1991,feel
1991,find
1991,answers
1991,leave
1991,day
1991,But
1991,fall
1991,tumble
1991,It
1991,fail
1991,grumble
1991,Thank
1991,lucky
1991,stars
1991,Just
1991,savor
1991,mouthful
1991,And
1991,treasure
1991,moment
1991,storms
1991,raging
1991,round
1991,Stay
1991,Oh
1991,","
1991,heart
1991,fools
1991,make
1991,rules
1991,One
1991,sergeant
1991,major
1991,proud
1991,Screaming
1991,bloody
1991,orders
1991,Hey
1991,loud
1991,Polish
1991,shiny
1991,buttons
1991,Dress
1991,lamb
1991,instead
1991,mutton
1991,To
1991,stand
1991,crowd
1991,beautiful
1991,world
1991,This
1991,life
1991,simple
1991,hard5Embed
1991,Ride
1991,Wild
1991,Wind
1991,wild
1991,wind
1991,Hey
1991,","
1991,hey
1991,Go
1991,ride
1991,whirlwind
1991,It
1991,`
1991,dangerous
1991,Get
1991,head
1991,baby
1991,We
1991,tonight
1991,Your
1991,angel
1991,eyes
1991,Are
1991,shining
1991,bright
1991,I
1991,wa
1991,hand
1991,Lead
1991,place
1991,leave
1991,Check
1991,rat
1991,race
1991,You
1991,Tie
1991,hair
1991,back
1991,freaks
1991,left
1991,jerks
1991,Sometimes
1991,low
1991,Let
1991,guide
1991,Ooh
1991,Yeah
1991,Mm
1991,The
1991,3Embed
1991,All
1991,God
1991,’
1991,People
1991,So
1991,give
1991,freely
1991,Make
1991,welcome
1991,inside
1991,homes
1991,","
1991,woo
1991,!
1991,Thank
1991,Don
1991,`
1991,turn
1991,back
1991,On
1991,lesson
1991,Lord
1991,prime
1991,ministers
1991,And
1991,majesty
1991,world
1991,Open
1991,eyes
1991,touch
1991,feel
1991,Rule
1991,heart
1991,Live
1991,conscience
1991,Love
1991,love
1991,free
1991,We
1991,Got
1991,grow
1991,stand
1991,tall
1991,strong
1991,Yeah
1991,You
1991,Yes
1991,magic
1991,light
1991,I
1991,bed
1991,early
1991,night
1991,Then
1991,dream
1991,live
1991,Let
1991,thankful
1991,incredible
1991,s-
1991,Woah-woah-woah-woah
1991,s2Embed
1991,These
1991,Are
1991,Days
1991,Our
1991,Lives
1991,Sometimes
1991,I
1991,feeling
1991,back
1991,days
1991,","
1991,long
1991,ago
1991,When
1991,kids
1991,young
1991,Things
1991,perfect
1991,The
1991,endless
1991,We
1991,crazy
1991,sun
1991,shining
1991,lived
1991,fun
1991,`
1991,rest
1991,life
1991,show
1991,Those
1991,lives
1991,things
1991,Now
1991,find
1991,love
1991,You
1991,turn
1991,clock
1991,tide
1991,Ain
1991,shame
1991,?
1991,Ooh
1991,time
1991,On
1991,roller
1991,coaster
1991,ride
1991,game
1991,No
1991,sitting
1991,lay
1991,And
1991,enjoy
1991,Better
1991,flow
1991,Cause
1991,They
1991,flown
1991,swiftness
1991,remain
1991,change
1991,you9Embed
1991,The
1991,Hitman
1991,Here
1991,","
1991,Ooh
1991,Hey
1991,I
1991,`
1991,hitman
1991,stand
1991,life
1991,Ain
1991,escaping
1991,run
1991,hide
1991,There
1991,neighborhood
1991,That
1991,!
1991,cry
1991,fried
1991,Gun
1991,pocket
1991,wrong
1991,fool
1991,love
1991,head
1991,shredder
1991,Baby
1991,baby
1991,Yeah
1991,trouble
1991,East
1991,Trouble
1991,West
1991,Struggle
1991,beast
1991,What
1991,thief
1991,pest
1991,Come
1991,back
1991,mother
1991,Nuke
1991,sucker
1991,Who
1991,talking
1991,?
1991,You
1991,Waste
1991,brother
1991,All
1991,woohoo
1991,prize
1991,But
1991,Can
1991,cut
1991,size
1991,Love
1991,cool
1991,school
1991,make
1991,day
1991,Go
1991,blow
1991,away
1991,When
1991,fun
1991,begins
1991,Are
1991,ready
1991,sting
1991,waste
1991,king
1991,Oh
1991,ow
1991,1Embed
1991,Bijou
1991,You
1991,We
1991,destined
1991,","
1991,`
1991,agree
1991,To
1991,spend
1991,rest
1991,lives
1991,With
1991,The
1991,days
1991,lovers
1991,Forever
1991,My
1991,bijou
1991,like5Embed
1991,The
1991,Show
1991,Must
1991,Go
1991,On
1991,Empty
1991,spaces
1991,","
1991,living
1991,?
1991,Abandoned
1991,places
1991,I
1991,guess
1991,score
1991,Does
1991,Another
1991,hero
1991,mindless
1991,crime
1991,Behind
1991,curtain
1991,pantomime
1991,Hold
1991,line
1991,anymore
1991,show
1991,Inside
1991,heart
1991,breaking
1991,My
1991,makeup
1991,flaking
1991,But
1991,smile
1991,stays
1991,Whatever
1991,`
1991,leave
1991,chance
1991,heartache
1991,failed
1991,romance
1991,learning
1991,warmer
1991,turning
1991,round
1991,corner
1991,Outside
1991,dawn
1991,inside
1991,dark
1991,aching
1991,free
1991,You
1991,soul
1991,painted
1991,wings
1991,butterflies
1991,Fairy
1991,tales
1991,yesterday
1991,grow
1991,fly
1991,friends
1991,grin
1991,giving
1991,top
1991,bill
1991,overkill
1991,find
1991,carry
1991,on41Embed
1986,One
1986,Vision
1986,God
1986,works
1986,mysterious
1986,ways
1986,Mysterious
1986,Ah…
1986,Hey
1986,!
1986,","
1986,goal
1986,Ha
1986,mission
1986,heart
1986,soul
1986,Just
1986,solution
1986,flash
1986,light
1986,Yeah
1986,god
1986,vision
1986,flesh
1986,bone
1986,religion
1986,voice
1986,hope
1986,real
1986,decision
1986,Whoa
1986,whoa
1986,Give
1986,No
1986,wrong
1986,I
1986,`
1986,There
1986,black
1986,white
1986,blood
1986,stain
1986,All
1986,worldwide
1986,You
1986,race
1986,Whoa-yeah
1986,whoa-yeah
1986,dream
1986,young
1986,A
1986,sweet
1986,illusion
1986,glimpse
1986,unity
1986,And
1986,visions
1986,union
1986,But
1986,cold
1986,wind
1986,blows
1986,dark
1986,rain
1986,falls
1986,shows
1986,Look
1986,So
1986,give
1986,hands
1986,hearts
1986,ready
1986,direction
1986,world
1986,nation
1986,hate
1986,fight
1986,excitation
1986,night
1986,celebration
1986,hey
1986,bar
1986,day
1986,gim
1986,Gim
1986,fried
1986,chicken
1986,ways…7Embed
1986,One
1986,Year
1986,Love
1986,Just
1986,year
1986,love
1986,Is
1986,lifetime
1986,sentimental
1986,moment
1986,arms
1986,shooting
1986,star
1986,Right
1986,heart
1986,It
1986,`
1986,rainy
1986,day
1986,I
1986,prisoner
1986,inside
1986,falling
1986,","
1986,My
1986,cries
1986,lonely
1986,save
1986,hand
1986,reaches
1986,cold
1986,light
1986,fire
1986,lips
1986,search
1986,hungry
1986,touch
1986,There
1986,left
1986,unspoken
1986,And
1986,surrender
1986,To
1986,told
1986,That
1986,hurt
1986,pain
1986,close
1986,pleasure
1986,You
1986,4Embed
1986,Pain
1986,Is
1986,So
1986,Close
1986,Pleasure
1986,Ooh
1986,","
1986,ooh
1986,pain
1986,close
1986,pleasure
1986,Oh
1986,Sunshine
1986,rainy
1986,weather
1986,Go
1986,hand
1986,All
1986,life
1986,Everybody
1986,One
1986,day
1986,`
1986,loving
1986,Then
1986,fighting
1986,time
1986,When
1986,I
1986,young
1986,And
1986,started
1986,talked
1986,They
1986,sounded
1986,broken
1986,hearted
1986,grew
1986,magination
1986,wanted
1986,Was
1986,start
1986,relation
1986,love
1986,reaction
1986,Some
1986,satisfaction
1986,But
1986,needed
1986,affection
1986,You
1986,Yeah
1986,plans
1986,wrong
1986,turn
1986,light
1986,inside
1986,mind
1986,put
1986,fight
1986,Where
1986,answers
1986,That
1986,searching
1986,?
1986,There
1986,world
1986,To
1986,anymore
1986,days
1986,feeling
1986,happy
1986,Someone
1986,sad
1986,Let
1986,sweetness
1986,Wipe
1986,tears
1986,For
1986,worse
1986,make
1986,Of
1986,rest
1986,years
1986,told
1986,4Embed
1986,Friends
1986,Will
1986,Be
1986,Another
1986,red
1986,letter
1986,day
1986,So
1986,pound
1986,dropped
1986,And
1986,children
1986,created
1986,The
1986,half
1986,ran
1986,away
1986,Taking
1986,cash
1986,leaving
1986,lumber
1986,Got
1986,pain
1986,chest
1986,Doctor
1986,`
1986,strike
1986,What
1986,rest
1986,It
1986,easy
1986,","
1986,love
1986,But
1986,friends
1986,trust
1986,When
1986,They
1986,give
1986,attention
1986,life
1986,hope
1986,lost
1986,Hold
1986,hands
1986,Cause
1986,Right
1986,You
1986,Now
1986,beautiful
1986,postman
1986,delivered
1986,A
1986,lover
1986,Only
1986,phone
1986,call
1986,track
1986,stole
1986,number
1986,As
1986,matter
1986,fact
1986,Without
1986,hand
1986,7Embed
1986,Who
1986,Wants
1986,Live
1986,Forever
1986,There
1986,`
1986,time
1986,place
1986,What
1986,builds
1986,dreams
1986,Yet
1986,slips
1986,away
1986,?
1986,live
1986,forever
1986,Ooh
1986,chance
1986,It
1986,decided
1986,This
1986,world
1986,sweet
1986,moment
1986,Set
1986,dares
1986,love
1986,Oh
1986,","
1986,But
1986,touch
1986,tears
1986,lips
1986,Touch
1986,fingertips
1986,And
1986,today
1986,You
1986,waits
1986,23Embed
1986,Don
1986,’
1986,Lose
1986,Your
1986,Head
1986,`
1986,lose
1986,head
1986,No
1986,","
1986,Hear
1986,I
1986,Remember
1986,love
1986,stronger
1986,walks
1986,tall
1986,heart
1986,walls
1986,You
1986,drink
1986,drive
1986,car
1986,breathalyzed
1986,If
1986,make
1986,top
1986,And
1986,wa
1986,stay
1986,alive
1986,Ooh-ooh-ooh-ooh-ohh-ohh
1986,Ooh-ooh-ooh
1986,conquers
1986,head5Embed
1986,Princes
1986,Universe
1986,Here
1986,","
1986,born
1986,kings
1986,We
1986,`
1986,princes
1986,universe
1986,belong
1986,Fighting
1986,survive
1986,In
1986,world
1986,darkest
1986,powers
1986,hey
1986,!
1986,And
1986,fighting
1986,survival
1986,The
1986,rulers
1986,I
1986,immortal
1986,inside
1986,Blood
1986,rival
1986,equal
1986,Take
1986,future
1986,Born
1986,free
1986,Got
1986,hand
1986,love
1986,make
1986,stand
1986,You
1986,No
1986,understand
1986,My
1986,power
1986,(
1986,Ooh
1986,ooh
1986,People
1986,talk
1986,day
1986,)
1986,Find
1986,moon
1986,reach
1986,stars
1986,With
1986,sword
1986,head
1986,held
1986,high
1986,pass
1986,test
1986,time
1986,hear
1986,But
1986,prove
1986,wrong
1986,Cause
1986,Yeah
1986,alright
1986,Let
1986,ha-ha
1986,watch
1986,fly
1986,whoo
1986,Bring
1986,girls
1986,hands
1986,7Embed
1995,Let
1995,Me
1995,Live
1995,Three
1995,","
1995,Ooh
1995,peace
1995,heart
1995,ooh
1995,piece
1995,soul
1995,live
1995,Oh
1995,Why
1995,`
1995,Another
1995,?
1995,And
1995,break
1995,tear
1995,All
1995,I
1995,give
1995,Baby
1995,Give
1995,brand
1995,start
1995,So
1995,baby
1995,make
1995,shape
1995,shake
1995,control
1995,askin
1995,chance
1995,You
1995,Make
1995,Yeah
1995,But
1995,depend
1995,hey
1995,!
1995,life
1995,twist
1995,turn
1995,cut
1995,knife
1995,Be
1995,friends
1995,stop
1995,livin
1995,lie
1995,Please
1995,In
1995,(
1995,Take
1995,)
1995,live5Embed
1995,Mother
1995,Love
1995,I
1995,`
1995,sleep
1995,passion
1995,stormy
1995,affair
1995,To
1995,make
1995,feel
1995,life
1995,Is
1995,heading
1995,All
1995,comfort
1995,Just
1995,woman
1995,Gives
1995,sweet
1995,mother
1995,love
1995,walked
1995,long
1995,lonely
1995,lane
1995,game
1995,world
1995,And
1995,strong
1995,But
1995,heart
1995,heavy
1995,hope
1995,Out
1995,city
1995,","
1995,cold
1995,pity
1995,safe
1995,place
1995,hide
1995,Mama
1995,back
1995,inside
1995,waves
1995,give
1995,crave
1995,cry
1995,peace
1995,You
1995,My
1995,body
1995,aching
1995,dreams
1995,company
1995,Got
1995,feeling
1995,sun
1995,coming
1995,home
1995,(
1995,)
1995,God
1995,works
1995,mysterious
1995,ways
1995,Eeeeh
1995,dop
1995,dep
1995,things
1995,learned
1995,youth4Embed
1995,My
1995,Life
1995,Has
1995,Been
1995,Saved
1995,This
1995,today
1995,People
1995,separate
1995,ways
1995,things
1995,In
1995,disarray
1995,I
1995,read
1995,papers
1995,There
1995,`
1995,death
1995,page
1995,Oh
1995,Lord
1995,","
1995,life
1995,saved
1995,Yeah
1995,Here
1995,telling
1995,lies
1995,We
1995,back
1995,Where
1995,started
1995,hey
1995,You
1995,saved2Embed
1995,Too
1995,Much
1995,Love
1995,Will
1995,Kill
1995,You
1995,I
1995,`
1995,pieces
1995,bitter
1995,tears
1995,raining
1995,away
1995,home
1995,","
1995,facing
1995,For
1995,long
1995,Oh
1995,feel
1995,told
1995,truth
1995,About
1995,growing
1995,struggle
1995,In
1995,tangled
1995,state
1995,mind
1995,back
1995,find
1995,Where
1995,wrong
1995,love
1995,kill
1995,If
1995,make
1995,Torn
1995,lover
1995,And
1995,leave
1995,headed
1995,disaster
1995,Cause
1995,read
1995,signs
1995,time
1995,shadow
1995,bring
1995,sunshine
1995,Now
1995,Mmm
1995,standing
1995,shoes
1995,?
1995,Can
1995,impossible
1995,choose
1995,No
1995,making
1995,Every
1995,bound
1995,lose
1995,Oh-oh
1995,Just
1995,It
1995,drain
1995,power
1995,Make
1995,plead
1995,scream
1995,crawl
1995,pain
1995,crazy
1995,victim
1995,crime
1995,Yes
1995,life
1995,lie
1995,understand
1995,give
1995,sell
1995,soul
1995,But
1995,end11Embed
1995,A
1995,Winter
1995,’
1995,Tale
1995,It
1995,`
1995,winter
1995,fall
1995,Red
1995,skies
1995,gleaming
1995,","
1995,Seagulls
1995,flying
1995,Swans
1995,floating
1995,Smoking
1995,chimney
1995,tops
1995,Am
1995,I
1995,dreaming
1995,?
1995,The
1995,nights
1995,draw
1995,There
1995,silky
1995,moon
1995,Up
1995,sky
1995,Children
1995,fantasizing
1995,Grown-ups
1995,standing
1995,What
1995,super
1995,feeling
1995,Woh-woh-woh-woh
1995,So
1995,quiet
1995,peaceful
1995,Tranquil
1995,blissful
1995,kind
1995,Of
1995,magic
1995,air
1995,magnificent
1995,view
1995,breathtaking
1995,scene
1995,With
1995,dreams
1995,world
1995,In
1995,palm
1995,hand
1995,You
1995,cozy
1995,fireside
1995,chat
1995,Sound
1995,merry
1995,Laughter
1995,skippin
1995,Gentle
1995,rain
1995,beatin
1995,extraordinary
1995,place
1995,!
1995,And
1995,dream
1995,child
1995,Is
1995,hope
1995,beautiful
1995,Like
1995,landscape
1995,painting
1995,Mountains
1995,zooming
1995,higher
1995,uh
1995,Little
1995,girls
1995,scream
1995,cry
1995,My
1995,spinning
1995,unbelievable
1995,sends
1995,reeling
1995,Oooh
1995,bliss4Embed
1995,It
1995,’
1995,Beautiful
1995,Day
1995,`
1995,beautiful
1995,day
1995,The
1995,sun
1995,shining
1995,","
1995,I
1995,feel
1995,And
1995,To
1995,stop
1995,Go
1995,No
1995,Yeah
1995,You
1995,oneEmbed
1995,Yeah
1995,YeahYou
1995,likeEmbed
1995,Untitled
1995,...
1995,Yeah
1995,","
1995,ooh
1995,I
1995,’
1995,back
1995,shit
1995,linked
1995,Nick
1995,Nike
1995,She
1995,Put
1995,Proceed
1995,ride
1995,Ran
1995,Don
1995,Stroking
1995,b—
1995,Michael
1995,Phelps
1995,Come
1995,check
1995,Niggas
1995,answer
1995,phone
1995,Now
1995,reach
1995,Ho
1995,`
1995,And
1995,speak
1995,pulled
1995,1
1995,A.M.
1995,?
1995,beat
1995,You
1995,asked
1995,Venmo
1995,account
1995,Oh
1995,1-3-1-7
1995,practice
1995,forgiveness
1995,city
1995,turn
1995,bitch
1995,Like
1995,Scarface
1995,banana
1995,boat
1995,places
1995,Doing
1995,things
1995,doYou
1995,like1Embed
1989,Party
1989,You
1989,girl
1989,","
1989,friend
1989,`
1989,We
1989,swag
1989,sauce
1989,dripping
1989,swagu
1989,friends
1989,I
1989,young
1989,ready
1989,To
1989,give
1989,love
1989,told
1989,girls
1989,Don
1989,slow
1989,So
1989,away
1989,Just
1989,tomorrow
1989,tonight
1989,Speakers
1989,knockin
1989,morning
1989,light
1989,Cause
1989,party
1989,hey
1989,!
1989,Hey
1989,Your
1989,touch
1989,driving
1989,crazy
1989,explain
1989,feel
1989,Top
1989,radio
1989,night
1989,belongs
1989,hold
1989,close
1989,talking
1989,oh-oh-oh-oh
1989,That
1989,Music
1989,Set
1989,scene
1989,3000
1989,degrees
1989,worried
1989,*
1989,But
1989,worry
1989,homeboy
1989,named
1989,Butter
1989,And
1989,Cheese
1989,baby
1989,make
1989,milk
1989,drip
1989,knees
1989,Spit
1989,real-o
1989,Brain
1989,Brillo
1989,Kiddo
1989,makes
1989,Never
1989,hero
1989,Man
1989,food
1989,court
1989,eating
1989,gyros
1989,Yesterday
1989,single
1989,pray
1989,Grandmom
1989,forgot
1989,studying
1989,beat
1989,Talking
1989,?
1989,Girl
1989,Move
1989,Pshh
1989,raw
1989,rip
1989,All
1989,remem-ber
1989,min-
1989,Nute
1989,fell
1989,rap
1989,black
1989,cousin
1989,back
1989,Blue
1989,rent
1989,due
1989,Cream
1989,loving
1989,knocking
1989,22Embed
1989,Khashoggi
1989,’
1989,Ship
1989,Who
1989,party
1989,?
1989,Huh
1989,","
1989,I
1989,`
1989,pretty
1989,shape
1989,The
1989,years
1989,life
1989,Are
1989,supernova
1989,perpetual
1989,craze
1989,!
1989,Everybody
1989,drank
1989,wine
1989,You
1989,drift
1989,And
1989,holiday
1989,On
1989,We
1989,time
1989,They
1989,sexy
1989,blitzed
1989,All
1989,trip
1989,This
1989,big
1989,sucker
1989,With
1989,fist
1989,head
1989,Wanted
1989,away
1989,kiss
1989,ass
1989,honey
1989,He
1989,pulled
1989,gun
1989,arrest
1989,uh
1989,babe
1989,Now
1989,listen
1989,no-one
1989,stops
1989,No-one
1989,Just
1989,phased
1989,pissed
1989,total
1989,eclipse
1989,Bup
1989,bup
1989,badabup
1989,badibup
1989,Bedabup
1989,bedadee
1989,hey
1989,That
1989,Oooh
1989,Wooh
1989,wooh
1989,hah
1989,started
1989,midnight
1989,Yeah
1989,Hey
1989,Hah
1989,left
1989,Party
1989,Lay
1989,middle
1989,Do
1989,night
1989,alright
1989,Two
1989,buddy
1989,uhh
1989,Alright
1989,Left
1989,No
1989,Aaahh
1989,1Embed
1989,The
1989,Miracle
1989,Every
1989,drop
1989,rain
1989,falls
1989,In
1989,Sahara
1989,Desert
1989,It
1989,`
1989,miracle
1989,All
1989,God
1989,creations
1989,great
1989,small
1989,Golden
1989,Gate
1989,Taj
1989,Mahal
1989,That
1989,Test
1989,tube
1989,babies
1989,born
1989,Mothers
1989,","
1989,fathers
1989,dead
1989,We
1989,earth
1989,Mother
1989,nature
1989,wonders
1989,world
1989,hanging
1989,Gardens
1989,Babylon
1989,Captain
1989,Cook
1989,Cain
1989,Abel
1989,Jimi
1989,Hendrix
1989,Tower
1989,Babel
1989,waiting
1989,Is
1989,peace
1989,today
1989,You
1989,If
1989,leaf
1989,tree
1989,Could
1989,story
1989,A
1989,child
1989,street
1989,Had
1989,clothes
1989,wear
1989,food
1989,eat
1989,free
1989,To
1989,live
1989,perfect
1989,harmony
1989,Open
1989,hearts
1989,surgery
1989,Sunday
1989,mornings
1989,cup
1989,tea
1989,Superpowers
1989,fighting
1989,Mona
1989,Lisa
1989,smiling
1989,And
1989,–
1989,time
1989,day
1989,When
1989,friends
1989,friends3Embed
1989,The
1989,Invisible
1989,Man
1989,I
1989,`
1989,invisible
1989,Incredible
1989,See
1989,Freddie
1989,Mercury
1989,!
1989,When
1989,hear
1989,sound
1989,That
1989,place
1989,Feel
1989,move
1989,trace
1989,sits
1989,On
1989,bed
1989,Don
1989,turn
1989,tread
1989,","
1989,It
1989,criminal
1989,You
1989,John
1989,Deacon
1989,Now
1989,room
1989,And
1989,life
1989,head
1989,Like
1989,CIA
1989,FBI
1989,close
1989,Never
1989,alive
1989,Hah
1989,hah
1989,real
1989,friend
1989,Not
1989,boy
1989,girl
1989,No
1989,Let
1989,flag
1989,unfurl
1989,So
1989,make
1989,mark
1989,From
1989,edge
1989,world
1989,Brian
1989,May
1989,track
1989,mind
1989,back
1989,But
1989,meanest
1989,darkest
1989,fear
1989,caught
1989,shake
1989,dear
1989,Look
1989,Rrrroger
1989,Taylor
1989,Shake
1989,7Embed
1989,Breakthru
1989,When
1989,love
1989,breaks
1989,","
1989,dawn
1989,light
1989,wakes
1989,A
1989,life
1989,born
1989,Somehow
1989,I
1989,make
1989,This
1989,final
1989,breakthrough
1989,!
1989,wake
1989,feel
1989,fine
1989,Your
1989,fills
1989,mind
1989,religion
1989,quick
1989,Because
1989,`
1989,divine
1989,Honey
1989,touching
1989,You
1989,thumb
1989,spell
1989,Can
1989,?
1989,If
1989,reach
1989,smile
1989,That
1989,Oh
1989,These
1989,barriers
1989,pain
1989,Yeah
1989,sunshine
1989,rain
1989,Make
1989,feelings
1989,Turn
1989,heart
1989,inside
1989,For
1989,Final
1989,speaks
1989,books
1989,break
1989,starting
1989,Deep
1989,sparking
1989,fire
1989,outta
1989,control
1989,rush
1989,Headlong
1989,ecstasy
1989,Hey
1989,Breakthrough
1989,5Embed
1989,Rain
1989,Must
1989,Fall
1989,I
1989,stars
1989,Life
1989,exciting
1989,Acting
1989,bizarre
1989,Your
1989,world
1989,inviting
1989,Playing
1989,cool
1989,And
1989,mysterious
1989,Honey
1989,day
1989,full
1989,sunshine
1989,But
1989,life
1989,A
1989,rain
1989,fall
1989,No
1989,problem
1989,","
1989,uh
1989,Be
1989,Anyone
1989,imagines
1989,They
1989,blind
1989,science
1989,Bully
1989,With
1989,property
1989,finance
1989,position
1989,To
1989,call
1989,shots
1989,price
1989,You
1989,found
1989,success
1989,recognition
1989,Flow
1989,John
1989,!
1989,lead
1989,fairy
1989,existence
1989,Ha
1989,Kiss
1989,kiss
1989,Others
1989,dramatizing
1989,Problems
1989,work
1989,So
1989,`
1989,surprising
1989,There
1989,alter
1989,opinions
1989,honey
1989,clean
1989,reputation
1989,facing
1989,complications
1989,Cause
1989,Woo
1989,Alright
1989,Play
1989,nice
1989,Yes
1989,baby
1989,Ooh
1989,time
1989,Uh-huh
1989,Make
1989,rain5Embed
1989,Scandal
1989,Tee-dee-ra-ra-ra-ra
1989,Tee-dee-ree-ree-ree-ree-ree-ra-ra
1989,Too-roo-roo-roo-roo-roo
1989,Roo-roo-roo-roo-roo-roo-roo
1989,Now
1989,`
1989,left
1989,world
1989,Hey
1989,","
1989,scandal
1989,They
1989,turn
1989,lives
1989,freak
1989,show
1989,heartache
1989,love
1989,break
1989,hear
1989,pleading
1989,We
1989,God
1989,sakes
1989,Over
1989,healing
1989,wounds
1989,And
1989,make
1989,fools
1989,Here
1989,news
1989,Open
1989,flood
1989,gates
1989,leave
1989,bleeding
1989,“
1989,cheapskates
1989,!
1989,”
1989,You
1989,So
1989,stare
1989,It
1989,private
1989,affair
1989,hung
1989,air
1989,life
1989,twisted
1989,broken
1989,I
1989,Yes
1989,breaking
1989,heart
1989,loving
1989,Today
1989,:
1989,headlines
1989,Tomorrow
1989,hard
1989,times
1989,no-one
1989,The
1989,truth
1989,lies
1989,story
1989,Deeper
1989,hide
1989,deeper
1989,inside
1989,4Embed
1989,My
1989,Baby
1989,Does
1989,Me
1989,Turn
1989,bit
1989,","
1989,baby
1989,lady
1989,understands
1989,Understands
1989,She
1989,cares
1989,`
1989,hurts
1989,winds
1989,lets
1989,Turns
1989,tells
1989,pussy
1989,loves
1989,cuffs
1989,One
1989,day
1989,That
1989,Another
1989,love
1989,You
1989,ooh
1989,Now
1989,believe
1989,?
1989,Do
1989,Ooh
1989,Ooh-ooh-ooh
1989,Uh
1989,Really
1989,Ah
1989,hey1Embed
1989,Was
1989,It
1989,All
1989,Worth
1989,What
1989,left
1989,To
1989,life
1989,?
1989,Did
1989,I
1989,achieve
1989,Set
1989,sights
1989,Am
1989,happy
1989,Or
1989,sinking
1989,sand
1989,worth
1989,Yeah
1989,","
1989,hear
1989,story
1989,Let
1989,We
1989,bought
1989,drum
1989,kit
1989,blew
1989,trumpet
1989,Played
1989,circuit
1989,Thought
1989,perfect
1989,Ooh
1989,giving
1989,heart
1989,soul
1989,And
1989,staying
1989,night
1989,Living
1989,breathing
1989,rock
1989,`
1989,roll
1989,A
1989,godforsaken
1989,years
1989,You
1989,Put
1989,money
1989,Without
1989,counting
1989,cost
1989,matter
1989,If
1989,lost
1989,Yes
1989,vicious
1989,kill
1989,hungry
1989,brill
1989,served
1989,purpose
1989,Like
1989,bloody
1989,circus
1989,dandy
1989,love
1989,madly
1989,This
1989,Godforsaken
1989,When
1989,hurly
1989,burly
1989,Bali
1989,Saw
1989,God
1989,Dali
1989,So
1989,mystic
1989,surrealistic
1989,!
1989,Giving
1989,living
1989,ending
1989,fight
1989,worthwhile
1989,experience
1989,hahahaha
1989,4Embed
1984,TranslationsРусскийRadio
1984,Ga
1984,I
1984,`
1984,watch
1984,light
1984,My
1984,friend
1984,teenage
1984,nights
1984,And
1984,heard
1984,radio
1984,You
1984,gave
1984,time
1984,stars
1984,Through
1984,wars
1984,worlds
1984,invaded
1984,Mars
1984,made
1984,laugh
1984,","
1984,cry
1984,feel
1984,fly
1984,So
1984,background
1984,noise
1984,A
1984,backdrop
1984,girls
1984,boys
1984,Who
1984,complain
1984,power
1984,finest
1984,hour
1984,Radio
1984,All
1984,hear
1984,gaga
1984,goo-goo
1984,blah
1984,?
1984,loves
1984,We
1984,shows
1984,On
1984,videos
1984,hours
1984,ears
1984,How
1984,music
1984,changes
1984,years
1984,Let
1984,hope
1984,leave
1984,Like
1984,things
1984,depend
1984,stick
1984,miss
1984,When
1984,grow
1984,tired
1984,visual
1984,Someone
1984,45Embed
1984,Tear
1984,It
1984,Up
1984,Are
1984,ready
1984,?
1984,Hey
1984,","
1984,We
1984,`
1984,turn
1984,!
1984,Yeah
1984,Turn
1984,loose
1984,baby
1984,Woo
1984,give
1984,mind
1984,Give
1984,body
1984,time
1984,Let
1984,party
1984,sleepin
1984,Soon
1984,round
1984,street
1984,I
1984,creeping
1984,You
1984,tear
1984,stir
1984,Break
1984,shake
1984,Make
1984,square
1984,Wake
1984,Stake
1984,wrong
1984,Listen
1984,love
1984,sweet
1984,naughty
1984,Baby
1984,Oh
1984,wa
1984,toy
1984,At
1984,birthday
1984,Wind
1984,wind
1984,Burn
1984,driving
1984,What
1984,doin
1984,Ha
1984,Woohoo
1984,5Embed
1984,It
1984,’
1984,Hard
1984,Life
1984,I
1984,`
1984,freedom
1984,There
1984,reason
1984,living
1984,With
1984,broken
1984,heart
1984,This
1984,tricky
1984,situation
1984,blame
1984,simple
1984,fact
1984,life
1984,happen
1984,You
1984,win
1984,","
1984,lose
1984,chance
1984,love
1984,Oh
1984,fell
1984,But
1984,And
1984,falling
1984,Yeah
1984,hard
1984,To
1984,lovers
1984,live
1984,forever
1984,In
1984,hearts
1984,long
1984,fight
1984,learn
1984,trust
1984,Right
1984,start
1984,When
1984,mend
1984,pieces
1984,back
1984,tears
1984,They
1984,state
1984,mind
1984,How
1984,hurts
1984,cut
1984,size
1984,tough
1984,Now
1984,waiting
1984,fall
1984,skies
1984,Yes
1984,True
1984,world
1984,filled
1984,sorrow
1984,searching
1984,For
1984,tomorrow
1984,love15Embed
1984,Man
1984,Prowl
1984,Hey
1984,","
1984,I
1984,`
1984,Walk
1984,wild
1984,side
1984,loosen
1984,gas
1984,action
1984,Go
1984,crazy
1984,driving
1984,fast
1984,lane
1984,My
1984,baby
1984,left
1984,She
1984,dirty
1984,feeling
1984,lonely
1984,So
1984,home
1984,If
1984,Break
1984,heart
1984,prowl
1984,You
1984,watch
1984,loose
1984,Looking
1984,trouble
1984,rock
1984,roll
1984,steady
1984,low
1984,trash
1984,wa
1984,movies
1984,All
1984,ass
1984,honey
1984,Don
1984,leave
1984,Feeling
1984,Come
1984,To
1984,break
1984,Cause
1984,Well
1984,dreaming
1984,But
1984,teach
1984,dancing
1984,Fred
1984,Astaire
1984,Look
1984,Baby
1984,hey
1984,Steady
1984,Loosen
1984,whoo
1984,!
1984,Wow
1984,4Embed
1984,Machines
1984,","
1984,machines
1984,It
1984,`
1984,machine
1984,world
1984,Don
1984,I
1984,soul
1984,When
1984,place
1984,rock
1984,roll
1984,They
1984,But
1984,deep
1984,inside
1984,freeze
1984,burn
1984,squeeze
1984,stress
1984,With
1984,smoke-blackened
1984,pistons
1984,Of
1984,steel
1984,compress
1984,wrest
1984,away
1984,Back
1984,Humans
1984,We
1984,disease
1984,No
1984,troubles
1984,mind
1984,fighting
1984,peace
1984,regard
1984,time
1984,cry
1984,retreat
1984,conception
1984,love
1984,defeat
1984,You
1984,What
1984,noise
1984,?
1984,bytes
1984,mega
1984,chips
1984,tea
1984,Machine
1984,boys
1984,random
1984,access
1984,memory
1984,Never
1984,worry
1984,Not
1984,money
1984,gold
1984,software
1984,hardware
1984,Its
1984,heartbeat
1984,time-share
1984,midwife
1984,disk
1984,drive
1984,sex-life
1984,quantized
1984,self-perpetuating
1984,A
1984,parahumanoidarianised
1984,Living
1984,Thinking
1984,past
1984,How
1984,Yeah
1984,Change
1984,woo
1984,!
1984,coming
1984,Hey
1984,Ha
1984,worldEmbed
1984,Keep
1984,Passing
1984,Open
1984,Windows
1984,This
1984,life
1984,Surround
1984,fantasy
1984,You
1984,strong
1984,And
1984,believe
1984,Forget
1984,sadness
1984,`
1984,Cause
1984,love
1984,Love
1984,Do
1984,To
1984,world
1984,When
1984,On
1984,luck
1984,failure
1984,?
1984,Wake
1984,screaming
1984,In
1984,middle
1984,night
1984,waste
1984,time
1984,It
1984,year
1984,start
1984,believing
1984,Everything
1984,alright
1984,Next
1984,minute
1984,flat
1984,back
1984,A
1984,brand
1984,day
1984,beginning
1984,Get
1984,sunny
1984,feeling
1984,Just
1984,passing
1984,open
1984,windows
1984,feels
1984,friend
1984,Without
1984,job
1984,money
1984,spend
1984,","
1984,stranger
1984,All
1984,suicide
1984,One
1984,days
1984,lose
1984,fight
1984,danger
1984,That
1984,burning
1984,deep
1984,inside
1984,telling
1984,Oh
1984,Things
1984,Baby
1984,windows2Embed
1984,Is
1984,This
1984,World
1984,We
1984,Created
1984,...
1984,?
1984,Just
1984,hungry
1984,Mouths
1984,feed
1984,Take
1984,suffering
1984,breed
1984,So
1984,lonely
1984,faces
1984,scattered
1984,Searching
1984,world
1984,created
1984,What
1984,invaded
1984,Against
1984,law
1984,`
1984,living
1984,today
1984,The
1984,You
1984,everyday
1984,A
1984,helpless
1984,child
1984,born
1984,Who
1984,loving
1984,Inside
1984,happy
1984,home
1984,Somewhere
1984,wealthy
1984,sitting
1984,throne
1984,Waiting
1984,life
1984,Oh
1984,","
1984,oh-oh
1984,made
1984,devastated
1984,Right
1984,bone
1984,If
1984,God
1984,sky
1984,To
1984,He
1984,8Embed
1982,Staying
1982,Power
1982,Huh
1982,Let
1982,show
1982,Yeah
1982,Uh
1982,Hey
1982,","
1982,See
1982,I
1982,hell
1982,lot
1982,Tell
1982,feel
1982,Is
1982,real
1982,?
1982,You
1982,takes
1982,And
1982,Did
1982,hear
1982,call
1982,baby
1982,staying
1982,power
1982,!
1982,ahn
1982,Ha
1982,wonder
1982,`
1982,make
1982,shake
1982,Rock
1982,rock
1982,C
1982,shock
1982,catch
1982,groove
1982,Make
1982,move
1982,We
1982,work
1982,play
1982,ball
1982,Haha
1982,Wu
1982,Hahaha
1982,That
1982,Ooh
1982,Ho
1982,ooh-ooh-ooh
1982,fire
1982,regular
1982,dynamo
1982,Want
1982,smooth
1982,company
1982,Don
1982,lose
1982,control
1982,hang
1982,Got
1982,But
1982,plenty
1982,time
1982,stick
1982,trick
1982,Blow
1982,blow
1982,Get
1982,mood
1982,give
1982,bit
1982,attitude
1982,Baby
1982,crash
1982,trash
1982,Gotcha3Embed
1982,Dancer
1982,I
1982,`
1982,invited
1982,party
1982,Been
1982,sitting
1982,night
1982,feel
1982,Ain
1982,black
1982,coat
1982,tie
1982,shape
1982,Come
1982,","
1982,baby
1982,Ha
1982,!
1982,dancer
1982,live
1982,doubt
1982,Why
1982,kick
1982,dancing
1982,shoes
1982,And
1982,ride
1982,?
1982,Cool
1982,You
1982,life
1982,soul
1982,funk-tion
1982,It
1982,To
1982,hold
1982,introduction
1982,Blew
1982,sight
1982,taste
1982,lipstick
1982,eyes
1982,fantastic
1982,My
1982,body
1982,cries
1982,That
1982,Ah
1982,Hot
1982,space
1982,Oh
1982,Wooh
1982,Haha
1982,Huh-hu
1982,hu-uh-uh
1982,Take
1982,Yeah
1982,feet
1982,begging
1982,believe
1982,Can
1982,home
1982,Just
1982,bring
1982,funk
1982,dance
1982,away
1982,boogie
1982,Ooh
1982,Sure
1982,Got
1982,shout
1982,fight
1982,temptation
1982,Aw
1982,dan—
1982,Guten
1982,Morgen
1982,Sie
1982,wünschten
1982,geweckt
1982,sugar
1982,Shake
1982,2Embed
1982,Back
1982,Chat
1982,Ooh
1982,","
1982,ooh
1982,Yeah
1982,Ha
1982,!
1982,Ya
1982,da-dap
1982,chat
1982,back
1982,burn
1982,energy
1982,criticizing
1982,analyzing
1982,I
1982,Oh
1982,`
1982,driving
1982,insane
1982,It
1982,battle
1982,knock
1982,Talk
1982,talk
1982,rack
1982,Twisting
1982,word
1982,wind
1982,Fat
1982,chance
1982,making
1982,romance
1982,If
1982,win
1982,Take
1982,Uh
1982,Huh
1982,Wind
1982,play
1982,You
1982,Blow
1982,C
1982,Wake
1982,stand
1982,drag
1982,Get
1982,ready
1982,scream
1982,shout
1982,cool
1982,learn
1982,change
1982,ways
1982,Cause
1982,talking
1982,sleep
1982,walking
1982,daze
1982,Don
1982,push
1982,luck
1982,attack
1982,tryna
1982,tall
1982,frighten
1982,Just
1982,leave
1982,Hey
1982,Yes
1982,baby
1982,Could
1982,giving
1982,runaround
1982,?
1982,Criticizing
1982,lash
1982,Well
1982,That
1982,Let
1982,5Embed
1982,Body
1982,Language
1982,Give
1982,","
1982,body
1982,Don
1982,`
1982,talk
1982,Baby
1982,language
1982,Just
1982,give
1982,You
1982,red
1982,lips
1982,Snakes
1982,eyes
1982,Long
1982,legs
1982,Great
1982,thighs
1982,cutest
1982,ass
1982,I
1982,Knock
1982,anytime
1982,Mmm
1982,Look
1982,case
1982,Of
1982,Yeah
1982,Sexy
1982,sexy
1982,hot
1982,language1Embed
1982,Action
1982,This
1982,Day
1982,street
1982,","
1982,honey
1982,Living
1982,streak
1982,We
1982,`
1982,criminals
1982,living
1982,But
1982,heartbeat
1982,pulse
1982,pumping
1982,Like
1982,jukebox
1982,playing
1982,dead
1982,record
1982,Or
1982,radio
1982,corner
1982,blaring
1982,I
1982,feeling
1982,world
1982,town
1982,let-down
1982,Coming
1982,showdown
1982,Some
1982,sunshine
1982,ray
1982,crack
1982,shutter
1982,sight
1982,light
1982,tunnel
1982,Still
1982,day
1982,night
1982,Oh
1982,learn
1982,love
1982,live
1982,You
1982,power
1982,Your
1982,mind
1982,bleak
1982,place
1982,blank
1982,space
1982,coming
1982,rat
1982,race
1982,quit
1982,Ooh
1982,action
1982,12Embed
1982,Put
1982,Out
1982,Fire
1982,They
1982,called
1982,hero
1982,In
1982,land
1982,free
1982,But
1982,`
1982,shake
1982,hand
1982,","
1982,boy
1982,He
1982,disappointed
1982,So
1982,I
1982,handgun
1982,And
1982,blew
1982,away
1982,That
1982,critter
1982,guy
1982,make
1982,pay
1982,You
1982,fear
1982,reason
1982,Look
1982,baby
1982,season
1982,For
1982,mad
1982,masquerade
1982,fire
1982,Oh
1982,bullet
1982,hole
1982,head
1982,Don
1982,believe
1982,granddaddy
1982,She
1982,lover
1982,It
1982,shame
1982,died
1982,constitution
1982,Is
1982,side
1982,Cause
1982,caught
1982,neighbor
1982,bed
1982,retribution
1982,Filled
1982,full
1982,lead
1982,told
1982,fashion
1982,To
1982,streets
1982,crime
1982,passion
1982,blame
1982,weapon
1982,daughters
1982,sleep
1982,sound
1982,beds
1982,gun
1982,killed
1982,People
1982,shot
1982,guns
1982,Just
1982,fashioned
1982,law
1982,dead
1982,Ah
1982,hey
1982,!
1982,Take
1982,Yeah
1982,Shoot
1982,shoot
1982,Ha
1982,1Embed
1982,Life
1982,Is
1982,Real
1982,Guilt
1982,stains
1982,pillow
1982,Blood
1982,terraces
1982,Torsos
1982,closet
1982,Shadows
1982,past
1982,real
1982,","
1982,life
1982,Sleeping
1982,leisure
1982,Waking
1982,minefield
1982,Dream
1982,pleasure
1982,dome
1982,Love
1982,roulette
1982,wheel
1982,Success
1982,breathing
1982,space
1982,I
1982,brought
1982,price
1982,cash
1982,leave
1982,Loneliness
1982,hiding
1982,place
1982,Breastfeeding
1982,What
1982,swallowed
1982,bitter
1982,pill
1982,taste
1982,You
1982,Music
1982,mistress
1982,Loving
1982,whore
1982,Lennon
1982,genius
1982,Living
1982,pore
1982,cruel
1982,bitch
1982,Yeah
1982,real1Embed
1982,Calling
1982,All
1982,Girls
1982,boys
1982,girls
1982,streets
1982,Around
1982,world
1982,Take
1982,message
1982,A
1982,This
1982,","
1982,Love
1982,love
1982,Far
1982,For
1982,hear
1982,Some
1982,sleepless
1982,nights
1982,wait
1982,foreign
1982,presence
1982,feel
1982,Comes
1982,creeping
1982,stream
1982,hope
1982,The
1982,Spread
1982,silent
1982,disease
1982,You
1982,`
1982,girls12Embed
1982,Las
1982,Palabras
1982,Amor
1982,Don
1982,`
1982,touch
1982,","
1982,hold
1982,break
1982,spell
1982,darling
1982,Look
1982,eyes
1982,speak
1982,The
1982,special
1982,promises
1982,I
1982,hear
1982,palabras
1982,amor
1982,Let
1982,words
1982,love
1982,Despacito
1982,Love
1982,slow
1982,gently
1982,One
1982,foolish
1982,world
1982,souls
1982,Senselessly
1982,hurled
1982,never-ending
1982,cold
1982,And
1982,fear
1982,greed
1982,Speak
1982,tongue
1982,God
1982,sake
1982,night
1982,evermore
1982,You
1982,This
1982,room
1982,We
1982,growing
1982,But
1982,live
1982,meet
1982,So
1982,whisper
1982,It
1982,adore
1982,Touch
1982,share
1982,Forevermore
1982,7Embed
1982,Cool
1982,Cat
1982,Oooh
1982,","
1982,Ah
1982,`
1982,taking
1982,sunshine
1982,away
1982,And
1982,making
1982,line
1982,I
1982,knew
1982,Cause
1982,cool
1982,Tapping
1982,toe
1982,Ooh
1982,cruising
1982,Driving
1982,swing
1982,king
1982,Feeling
1982,beat
1982,heart
1982,ha-ahn
1982,Coming
1982,strong
1982,chit
1982,chat
1982,alright
1982,Hanging
1982,stealing
1982,limelight
1982,Messing
1982,messing
1982,kid
1982,Mm
1982,deal
1982,life
1982,wishing
1982,hoping
1982,waiting
1982,To
1982,hit
1982,big
1982,time
1982,But
1982,happen
1982,?
1982,No
1982,speeding
1982,fast
1982,Slow
1982,slow
1982,You
1982,set
1982,mood
1982,inside
1982,groove
1982,Can
1982,feel
1982,Wooh-ooh
1982,Feelin
1982,feelin
1982,honey
1982,Feeling6Embed
1982,Under
1982,Pressure
1982,Mmm
1982,Dum
1982,bum
1982,Doo
1982,buh
1982,dum
1982,beh
1982,pushing
1982,Pressing
1982,","
1982,pressure
1982,burns
1982,building
1982,Splits
1982,family
1982,Puts
1982,streets
1982,Um
1982,De
1982,day
1982,Ee
1982,da-
1982,`
1982,It
1982,terror
1982,knowing
1982,world
1982,Watching
1982,friends
1982,screaming
1982,``
1982,Let
1982,!
1982,''
1982,Pray
1982,tomorrow
1982,higher
1982,Day
1982,mm
1982,Da
1982,Okay
1982,Chipping
1982,kick
1982,brains
1982,floor
1982,These
1982,days
1982,rains
1982,pours
1982,Be
1982,People
1982,You
1982,high
1982,Turned
1982,away
1982,blind
1982,Sat
1982,fence
1982,work
1982,Keep
1982,coming
1982,love
1982,slashed
1982,torn
1982,Why
1982,?
1982,Love
1982,Insanity
1982,laughs
1982,breaking
1982,Can
1982,give
1982,chance
1982,Give
1982,Because
1982,old-fashioned
1982,word
1982,And
1982,dares
1982,The
1982,edge
1982,night
1982,change
1982,Caring
1982,This
1982,dance
1982,Pressure78Embed
1980,Flash
1980,’
1980,Theme
1980,!
1980,A-ah
1980,Savior
1980,Universe
1980,He
1980,`
1980,save
1980,Dale
1980,:
1980,What
1980,happening
1980,","
1980,?
1980,miracle
1980,King
1980,impossible
1980,Stand
1980,saves
1980,mighty
1980,hand
1980,Every
1980,woman
1980,child
1980,flash
1980,You
1980,General
1980,Kala
1980,Gordon
1980,approaching
1980,Open
1980,fire
1980,All
1980,weapons
1980,Dispatch
1980,rocket
1980,Ajax
1980,bring
1980,back
1980,body
1980,Just
1980,courage
1980,And
1980,fail
1980,No
1980,pure
1980,heart
1980,May
1980,find
1980,Golden
1980,Grail
1980,Oh-oh
1980,oh-oh
1980,I
1980,love
1980,fourteen
1980,hours
1980,Earth
1980,Flash3Embed
1980,In
1980,Space
1980,Capsule
1980,Agent
1980,:
1980,Strange
1980,object
1980,imaged
1980,imperial
1980,vortex
1980,Object
1980,entering
1980,control
1980,range
1980,","
1980,approaching
1980,Sea
1980,Fire
1980,Klytus
1980,Bring
1980,safely
1980,.
1980,Land
1980,Ming
1980,`
1980,Aerial
1980,Controller
1980,Prisoners
1980,march
1980,presence
1980,Emperor
1980,MingYou
1980,likeEmbed
1980,Ming
1980,’
1980,Theme
1980,Prince
1980,Thun
1980,:
1980,We
1980,","
1980,Ardencia
1980,suffered
1980,blasted
1980,kingdom
1980,!
1980,I
1980,offer
1980,year
1980,loyalty
1980,Without
1980,measure
1980,Death
1980,Flash
1980,Gordon
1980,.
1980,Quarterback
1980,New
1980,York
1980,Jets
1980,Dale
1980,Arden
1980,highness
1980,NoYou
1980,likeEmbed
1980,Football
1980,Fight
1980,Ming
1980,:
1980,Klytus
1980,","
1980,pills
1980,?
1980,Maybe
1980,execute
1980,trainer
1980,Flash
1980,Gordon
1980,41
1980,!
1980,42
1980,Dale
1980,Arden
1980,Go
1980,You
1980,likeEmbed
1980,In
1980,Death
1980,Cell
1980,Flash
1980,Gordon
1980,:
1980,This
1980,`
1980,happening
1980,","
1980,Dale
1980,.
1980,We
1980,It
1980,dream
1980,Oh
1980,I
1980,agree
1980,completely
1980,Why
1980,wake
1980,minute
1980,car
1980,laugh
1980,Princess
1980,Aura
1980,Look
1980,!
1980,Water
1980,leaking
1980,eyes
1980,Ming
1980,call
1980,``
1980,tears
1980,''
1980,sign
1980,weakness
1980,wayYou
1980,likeEmbed
1980,The
1980,Kiss
1980,You
1980,likeEmbed
1980,Flash
1980,Rescue
1980,Dale
1980,:
1980,I
1980,`
1980,lost
1980,","
1980,Aura
1980,.
1980,Nothing
1980,save
1980,...
1980,!
1980,A-ah
1980,Commander
1980,General
1980,Gala
1980,Gordon
1980,approaching
1980,What
1980,``
1980,?
1980,''
1980,On
1980,Hawkman
1980,rocket
1980,cicle
1980,Shall
1980,inform
1980,majesty
1980,Imbicile
1980,The
1980,emperor
1980,shoot
1980,corrupting
1980,wedding
1980,news
1980,Fire
1980,range
1980,He
1980,escaping
1980,idiots
1980,Despatch
1980,War
1980,Rocket
1980,Ajax
1980,bring
1980,back
1980,body
1980,Captain
1980,Charge
1980,boosters
1980,Controller
1980,captain
1980,Vultan
1980,Our
1980,trap
1980,play
1980,worked
1980,They
1980,follow
1980,Good
1980,Stand
1980,Hawkmen
1980,You
1980,capacitators
1980,Ha-ha-ha
1980,flush
1980,Okay
1980,Ha-ha-ha-ha-ha-ha-ha
1980,coming
1980,Squadron
1980,forty
1980,Embed
1980,Vultan
1980,’
1980,Theme
1980,You
1980,likeEmbed
1980,Battle
1980,Theme
1980,Flash
1980,Gordon
1980,:
1980,Hero
1980,`
1980,hit
1980,!
1980,I
1980,Vultan
1980,Ugh
1980,","
1980,impetuous
1980,boy
1980,Ah
1980,.
1980,Who
1980,live
1980,forever
1980,?
1980,Ha-ha-ha-ha-ha-ha-ha-ha-ha-ha-ha-ha
1980,Dive
1980,Biro
1980,Detonate
1980,Right
1980,You
1980,likeEmbed
1980,Marriage
1980,Dale
1980,Ming
1980,Vultan
1980,:
1980,Come
1980,!
1980,It
1980,`
1980,time
1980,bail
1980,Flash
1980,Gordon
1980,Sorry
1980,","
1980,.
1980,I
1980,coming
1980,What
1980,?
1980,You
1980,destroyed
1980,loony
1980,bird
1980,Get
1980,They
1980,ground
1980,He
1980,save
1980,Onward
1980,brave
1980,Hawkmen
1980,Let
1980,peace
1980,forever
1980,Priest
1980,Do
1980,Merciless
1980,ruler
1980,universe
1980,Earthling
1980,Arden
1980,empress
1980,hour
1980,Of
1980,Yes
1980,promise
1980,Certainly
1980,Not
1980,blast
1980,space
1980,Until
1980,grow
1980,...
1980,weary
1980,A-ah
1980,miracle
1980,King
1980,impossible
1980,Recite
1980,majesty
1980,With
1980,ring
1980,thee
1980,wed
1980,Embed
1980,The
1980,Hero
1980,Ha-ha-ha-ha-ha-ha-ha
1980,So
1980,feel
1980,`
1980,?
1980,Always
1980,needed
1980,Put
1980,feet
1980,ground
1980,hand
1980,heart
1980,Lift
1980,head
1980,stars
1980,And
1980,world
1980,taking
1980,All
1980,save
1980,","
1980,story
1980,Find
1980,pretty
1980,satisfactory
1980,Well
1980,I
1980,friend
1980,This
1980,But
1980,continuation
1980,Is
1980,making
1980,Yes
1980,hero
1980,ooh
1980,You
1980,Flash
1980,!
1980,A-ah
1980,He
1980,Stand
1980,mighty
1980,saved
1980,Every
1980,woman
1980,child
1980,Embed
1980,The
1980,Kiss
1980,You
1980,likeEmbed
1980,The
1980,Hero
1980,Ha-ha-ha-ha-ha-ha-ha
1980,So
1980,feel
1980,`
1980,?
1980,Always
1980,needed
1980,Put
1980,feet
1980,ground
1980,hand
1980,heart
1980,Lift
1980,head
1980,stars
1980,And
1980,world
1980,taking
1980,All
1980,save
1980,","
1980,story
1980,Find
1980,pretty
1980,satisfactory
1980,Well
1980,I
1980,friend
1980,This
1980,But
1980,continuation
1980,Is
1980,making
1980,Yes
1980,hero
1980,ooh
1980,You
1980,Flash
1980,!
1980,A-ah
1980,He
1980,Stand
1980,mighty
1980,saved
1980,Every
1980,woman
1980,child
1980,Embed
1980,TranslationsNederlandsRemember
1980,Day
1980,Remember
1980,day
1980,today
1980,A
1980,young
1980,Free
1980,play
1980,time
1980,Evening
1980,Sing
1980,song
1980,’
1980,sung
1980,Without
1980,morning
1980,kiss
1980,Queen
1980,–
1980,wish
1980,Look
1980,king
1980,Why
1980,?
1980,stay
1980,Climb
1980,favourite
1980,apple
1980,tree
1980,Try
1980,catch
1980,sun
1980,Hide
1980,brother
1980,gun
1980,Dream
1980,away
1980,reach
1980,blow
1980,years
1980,Blow
1980,RememberYou
1980,like5Embed
1980,Football
1980,Fight
1980,Ming
1980,:
1980,Klytus
1980,","
1980,pills
1980,?
1980,Maybe
1980,execute
1980,trainer
1980,Flash
1980,Gordon
1980,41
1980,!
1980,42
1980,Dale
1980,Arden
1980,Go
1980,You
1980,likeEmbed
1980,The
1980,Kiss
1980,You
1980,likeEmbed
1980,Play
1980,Game
1980,Open
1980,mind
1980,And
1980,step
1980,inside
1980,Rest
1980,weary
1980,head
1980,heart
1980,decide
1980,It
1980,`
1980,easy
1980,rules
1980,","
1980,To
1980,fall
1980,love
1980,game
1980,Everybody
1980,play
1980,Yeah
1980,When
1980,feeling
1980,resistance
1980,low
1980,Light
1980,cigarette
1980,This
1980,life
1980,hard
1980,free
1980,world
1980,Ooh
1980,You
1980,My
1980,begun
1980,Love
1980,runs
1980,Down
1980,toes
1980,pumping
1980,Through
1980,veins
1980,Driving
1980,insane
1980,Come
1980,All
1980,Your
1980,love4Embed
1980,Dragon
1980,Attack
1980,Ooh
1980,","
1980,Ha
1980,baby
1980,Take
1980,room
1980,Where
1980,red
1980,`
1980,head
1980,Is
1980,I
1980,ow
1980,!
1980,Hey
1980,green
1980,And
1980,It
1980,hot
1980,s-a
1980,stack
1980,Mack
1980,Go
1980,track
1980,Got
1980,dragon
1980,back
1980,beat
1980,round
1980,eat
1980,sound
1980,Yeah
1980,black
1980,white
1980,shack
1980,You
1980,She
1980,prisoners
1980,give
1980,business
1980,attack
1980,Get
1980,Nice
1980,slow
1980,hey
1980,Alright
1980,Oh
1980,yeah-he-yeah
1980,chained
1980,rack
1980,find
1980,customer
1980,slowly
1980,On
1980,alright5Embed
1980,Crazy
1980,Little
1980,Thing
1980,Called
1980,Love
1980,This
1980,called
1980,love
1980,I
1980,`
1980,handle
1980,round
1980,","
1980,ready
1980,A-this
1980,It
1980,cries
1980,In
1980,cradle
1980,night
1980,swings
1980,jives
1980,shakes
1980,jellyfish
1980,Woo
1980,kinda
1980,There
1980,baby
1980,She
1980,rock
1980,roll
1980,drives
1980,crazy
1980,hot
1980,cold
1980,fever
1980,Then
1980,leaves
1980,cool
1980,sweat
1980,You
1980,relax
1980,hip
1980,And
1980,tracks
1980,Take
1980,back
1980,seat
1980,hitch-hike
1980,long
1980,ride
1980,On
1980,motorbike
1980,Yeah
1980,Hitch-hike
1980,Until
1980,yeah23Embed
1980,Rock
1980,It
1980,When
1980,I
1980,hear
1980,That
1980,rock
1980,roll
1980,soul
1980,real
1980,Oh
1980,","
1980,You
1980,To
1980,space
1980,?
1980,Well
1980,`
1980,What
1980,On
1980,radio
1980,Coming
1980,air
1980,Mama
1980,crazy
1980,alright
1980,Hey
1980,baby
1980,Saturday
1980,night
1980,shoot
1980,suit
1980,And
1980,Come
1980,feel
1980,alive
1980,downtown
1980,prime
1980,jive
1980,We
1980,Ow
1980,tonight
1980,honey
1980,E-ooh
1980,Get
1980,.
1980,wow
1980,!
1980,tonight5Embed
1980,Don
1980,’
1980,Try
1980,Suicide
1980,One
1980,","
1980,!
1980,Yeah
1980,Okay
1980,`
1980,baby
1980,suicide
1980,worth
1980,cares
1980,hate
1980,damn
1980,So
1980,easy
1980,?
1980,Think
1980,slash
1980,wrists
1980,time
1980,Baby
1980,tits
1980,You
1980,Look
1980,life
1980,hang
1980,It
1980,prick
1980,teaser
1980,A
1980,bit
1980,attention
1980,Need
1980,affection
1980,bid
1980,babe
1980,Hey
1980,put
1980,neck
1980,line
1980,drown
1980,Blow
1980,brains
1980,Nobody
1980,Okay4Embed
1980,Sail
1980,Away
1980,Sweet
1980,Sister
1980,Hey
1980,","
1980,babe
1980,`
1980,changing
1980,Babe
1980,feeling
1980,sore
1980,?
1980,Ain
1980,pretending
1980,You
1980,wa
1980,play
1980,It
1980,plain
1980,baby
1980,What
1980,mother
1980,dressed
1980,lady
1980,How
1980,behave
1980,away
1980,sweet
1980,sister
1980,Maybe
1980,find
1980,To
1980,love
1980,half
1980,My
1980,heart
1980,No
1980,matter
1980,I
1980,Forgive
1980,told
1980,makes
1980,fool
1980,Ooh
1980,hold
1980,free
1980,Take
1980,But
1980,friend
1980,sail
1980,Back
1980,arms
1980,Hot
1980,child
1980,young
1980,life
1980,Ahead
1980,aah
1980,throw
1980,Way
1980,Go
1980,21Embed
1980,Coming
1980,Soon
1980,Uuuh
1980,","
1980,uuuh
1980,Oh
1980,o-ooh
1980,ooh
1980,I
1980,headaches
1980,When
1980,hit
1980,heights
1980,Like
1980,morning
1980,After
1980,crazy
1980,nights
1980,mother-in-law
1980,In
1980,nylon
1980,tights
1980,They
1980,`
1980,coming
1980,On
1980,tracks
1980,You
1980,babies
1980,With
1980,toys
1980,The
1980,neighbors
1980,screaming
1980,noise
1980,annoys
1980,Somebody
1980,nagging
1980,boys
1980,.
1980,tonight
1980,tracks2Embed
1980,Save
1980,Me
1980,It
1980,started
1980,They
1980,made
1980,perfect
1980,pair
1980,I
1980,clothed
1980,glory
1980,love
1980,How
1980,loved
1980,","
1980,cried
1980,The
1980,years
1980,loyalty
1980,Were
1980,sham
1980,belie
1980,lived
1980,lie
1980,`
1980,save
1980,life
1980,naked
1980,home
1980,slate
1980,clean
1980,’
1980,erase
1980,memories
1980,To
1980,start
1980,Was
1980,wasted
1980,?
1980,hang
1980,head
1980,advertise
1980,A
1980,soul
1980,rent
1980,heart
1980,cold
1980,inside
1980,real
1980,intent
1980,You
1980,Each
1980,night
1980,cry
1980,believe
1980,Yeah
1980,ooh
1980,Don
1980,home11Embed
1978,Jealousy
1978,Oh
1978,","
1978,wrong
1978,?
1978,fall
1978,love
1978,Was
1978,mistake
1978,How
1978,I
1978,jealousy
1978,You
1978,gave
1978,warning
1978,Took
1978,surprise
1978,led
1978,`
1978,lose
1978,fail
1978,suspicion
1978,trail
1978,To
1978,hurt
1978,pride
1978,Now
1978,left
1978,strong
1978,With
1978,matters
1978,heart
1978,Life
1978,short
1978,away
1978,tears
1978,If
1978,Just
1978,tripped
1978,brought
1978,bring
1978,sorrow
1978,pain
1978,Got
1978,hold
1978,possessive
1978,mind
1978,Turned
1978,jealous
1978,kind
1978,But
1978,live
1978,Cause
1978,jealousy12Embed
1978,In
1978,Only
1978,Seven
1978,Days
1978,Monday
1978,Start
1978,holiday
1978,Freedom
1978,week
1978,Feels
1978,away
1978,Ooh
1978,","
1978,ooh
1978,Tuesday
1978,Saw
1978,beach
1978,I
1978,stood
1978,watched
1978,And
1978,looked
1978,smiled
1978,Wednesday
1978,`
1978,hoped
1978,back
1978,tomorrow
1978,Thursday
1978,My
1978,luck
1978,changed
1978,She
1978,asked
1978,Could
1978,happen
1978,days
1978,It
1978,hundred
1978,For
1978,memories
1978,fade
1978,You
1978,wish
1978,Friday
1978,Would
1978,forever
1978,held
1978,close
1978,bear
1978,leave
1978,Saturday
1978,Just
1978,twenty-four
1978,hours
1978,Oh
1978,Home
1978,Sunday
1978,sad
1978,alone2Embed
1978,Fun
1978,It
1978,Everybody
1978,morning
1978,Should
1978,turn
1978,night
1978,time
1978,Now
1978,movement
1978,Don
1978,`
1978,shun
1978,","
1978,fun
1978,Can
1978,?
1978,moving
1978,free
1978,Get
1978,join
1978,dynasty
1978,When
1978,You
1978,town
1978,Hey
1978,Go
1978,tonight
1978,Just
1978,shaking
1978,soles
1978,feet
1978,That
1978,soul
1978,meet
1978,They
1978,The
1978,body
1978,jive
1978,part
1978,Of
1978,alive
1978,Groove
1978,groove
1978,Do
1978,kicks
1978,tricks
1978,dance
1978,honey
1978,Time
1978,it23Embed
